순번,결함유형,점검일자,광역자치단체,기초자치단체,체육시설,시설물명,주소,건물구분,위치구분,점검항목,지적사항,이미지URL,이미지파일이름,이미지확장자,가로해상도,세로해상도
1,기초,2025-09-10,경기도,화성시,전천후게이트볼장,송산게이트볼장,경기도 화성시 송산면 정도길 4,건물 내외부,기초,시설물 기초의 세굴 여부,25하-2 (조치필요) 기초 주변 토사 유실로 기초상부 노출,http://openapi.kspo.or.kr/web/ai/,001_5A93FFFE8246AA51EB4DAC181E11B47C.jpg,jpg,330,248
2,부동침하,2025-08-26,경상남도,남해군,야구장,남해스포츠파크인조야구장,경상남도 남해군 서면 스포츠파크길 74,건물 내외부,지반,지반침하 등에 따른 구조물의 위험 여부,25하-1(조치필요) 필드 바닥 지반침하흔적(2025년 상반기 긴급정밀점검 실시),http://openapi.kspo.or.kr/web/ai/,002_95D0E6873C2D39A5641BB88BE965078C.jpg,jpg,330,248
3,부동침하,2025-05-13,인천광역시,강화군,축구장,길상공설운동장,인천광역시 강화군 길상면 길상로 244,건물 내외부,지반,지반침하 등에 따른 구조물의 위험 여부,25상-2(조치필요) 골대 후면부 지반 침하,http://openapi.kspo.or.kr/web/ai/,003_361AC2BDC6D55BF97D138C5542E125D4.jpg,jpg,338,254
4,부동침하,2025-06-10,경상남도,함양군,체육관,연암체육관,경상남도 함양군 안의면 거함대로 1648,건물 내외부,지반,지반침하 등에 따른 구조물의 위험 여부,25상-1(조치필요) 1층 외부 바닥 경계석 침하,http://openapi.kspo.or.kr/web/ai/,004_4039CEF91CB4E24D017BC7D005BABFA8.jpg,jpg,354,266
5,부동침하,2025-06-10,경상남도,합천군,체육관,청덕체육관,경남 합천군 청덕면 두곡리 368-1,건물 내외부,지반,지반침하 등에 따른 구조물의 위험 여부,25상-1(조치필요) 외부 바닥 지반침하,http://openapi.kspo.or.kr/web/ai/,005_94FAAF696D653E136BF7FE42379B3ACB.jpg,jpg,345,258
6,부동침하,2025-05-20,경상북도,의성군,육상경기장,의성군종합운동장,의성읍 중리리 516,건물 내외부,지반,지반침하 등에 따른 구조물의 위험 여부,25상-1(조치필요) 지반침하 우려 본부석 지상1층 외부,http://openapi.kspo.or.kr/web/ai/,006_DE9B9BF37050F44DDCE367A417596779.jpg,jpg,205,274
7,"균열, 누수",2025-05-19,경기도,포천시,육상경기장,포천종합운동장,경기도 포천시 군내면 호국로 1518,건물 내외부,기둥 보 바닥 벽 계단 (주요구조부),"균열, 누수, 침수, 백태","25상-7(조치필요) 2층 슬래브, 보 누수흔적, 도장박락",http://openapi.kspo.or.kr/web/ai/,007_CF4BCE84662247BBB6711073592E6CD2.jpg,jpg,330,247
8,"균열, 누수",2025-06-25,경기도,김포시,육상경기장,김포시종합운동장,경기도 김포시 돌문로15번길 20 (사우동),건물 내외부,기둥 보 바닥 벽 계단 (주요구조부),"균열, 누수, 침수, 백태",25상-3(조치필요) 1층 계단실 벽체 균열,http://openapi.kspo.or.kr/web/ai/,008_60A927C1745D1352E898893E3DC76A05.jpg,jpg,330,247
9,"균열, 누수",2025-06-12,경기도,안산시,체육관,감골시민홀체육관,사동 1342,건물 내외부,기둥 보 바닥 벽 계단 (주요구조부),"균열, 누수, 침수, 백태","25상-4(조치필요) 1층 외부 난간 벽체 균열, 누수흔적",http://openapi.kspo.or.kr/web/ai/,009_0DD712B749ED5F0F93FC06A9D778478A.jpg,jpg,330,248
10,"균열, 누수",2025-06-09,경상남도,고성군,체육관,고성군 실내체육관,경상남도 고성군 고성읍 교사4길 171-4,건물 내외부,기둥 보 바닥 벽 계단 (주요구조부),"균열, 누수, 침수, 백태",25상-1(조치필요) 지붕층 슬래브 누수흔적,http://openapi.kspo.or.kr/web/ai/,010_99608A66D1EA6AD54AA2A6C05E409322.jpg,jpg,330,248
11,"균열, 누수",2025-05-22,인천광역시,남동구,체육관,인천시청소년수련관체육관,인천광역시 남동구 장수로 42 (장수동),건물 내외부,기둥 보 바닥 벽 계단 (주요구조부),"균열, 누수, 침수, 백태","25상-6(조치필요) 지붕층 계단실 벽체 균열, 누수흔적",http://openapi.kspo.or.kr/web/ai/,011_0212554BA62273B7204AF89177668A53.jpg,jpg,330,248
12,"균열, 누수",2025-07-23,경상남도,김해시,체육관,(취약시설)장유스포츠센터,경상남도 김해시 번화2로 72 (삼문동),건물 내외부,기둥 보 바닥 벽 계단 (주요구조부),"균열, 누수, 침수, 백태","25하-1(조치필요) pit층 벽체 균열, 누수, 백태(다수)",http://openapi.kspo.or.kr/web/ai/,012_12C177BA6E79DEACBC692A838F2651A8.jpg,jpg,330,247
13,"균열, 누수",2025-08-05,충청남도,청양군,체육관,(취약시설)(취약시설)청양군문화체육센터,충청남도 청양군 청양읍 칠갑산로 221,건물 내외부,기둥 보 바닥 벽 계단 (주요구조부),"균열, 누수, 침수, 백태",25상-3(조치필요) 외부 계단 벽체 망상균열,http://openapi.kspo.or.kr/web/ai/,013_D51675C57CE85B032DFFA961B2744456.jpg,jpg,330,248
14,"균열, 누수",2025-07-31,전라남도,해남군,수영장,(취약시설)우슬국민체육센터(구: 우슬국민체육센터수영장),전라남도 해남군 해남읍 해남로 72,건물 내외부,기둥 보 바닥 벽 계단 (주요구조부),"균열, 누수, 침수, 백태","25하-1(조치필요) pit층 상부 구조체 누수, 백태(다수)",http://openapi.kspo.or.kr/web/ai/,014_76635A46D671B4922CD3ED996C9F2241.jpg,jpg,330,248
15,"균열, 누수",2025-07-15,경기도,부천시,수영장,소사국민체육센터 수영장,경기도 부천시 소사로 108 (소사본동),건물 내외부,기둥 보 바닥 벽 계단 (주요구조부),"균열, 누수, 침수, 백태",25하-2(조치필요) pit층 상부 슬래브 균열,http://openapi.kspo.or.kr/web/ai/,015_8620549CC2453A15F5803CB1841559E0.jpg,jpg,329,248
16,"균열, 누수",2025-08-28,경기도,김포시,체육관,김포시실내체육관,경기도 김포시 사우중로 26 (사우동),건물 내외부,기둥 보 바닥 벽 계단 (주요구조부),"균열, 누수, 침수, 백태",25상-3(조치필요) 1층 창고 관람석 하부 보 균열,http://openapi.kspo.or.kr/web/ai/,016_9FE76100B37DBD3CAF27D37186BD6CB7.jpg,jpg,331,248
17,"균열, 누수",2025-07-31,경상남도,거창군,육상경기장,거창종합운동장,경상남도 거창군 거창읍 심소정길 39-36,건물 내외부,기둥 보 바닥 벽 계단 (주요구조부),"균열, 누수, 침수, 백태",25상-1(조치필요) 1층 외부 주출입구 보 균열 다수 발생,http://openapi.kspo.or.kr/web/ai/,017_365328BAF8DEEA65F16C173BEDA5DA3B.jpg,jpg,386,289
18,"균열, 누수",2025-06-25,경기도,김포시,육상경기장,김포시종합운동장,경기도 김포시 돌문로15번길 20 (사우동),건물 내외부,기둥 보 바닥 벽 계단 (주요구조부),"균열, 누수, 침수, 백태",25상-3(조치필요) 1층 계단실 벽체 균열,http://openapi.kspo.or.kr/web/ai/,018_E565127C940127A1D3CFF92F3451A05B.jpg,jpg,382,286
19,"균열, 누수",2025-05-21,경기도,의정부시,육상경기장,의정부종합운동장주경기장,의정부시 체육로90,건물 내외부,기둥 보 바닥 벽 계단 (주요구조부),"균열, 누수, 침수, 백태",25상-1(조치필요) 스탠드층 기둥 망상균열 및 도장박락 다수 발생,http://openapi.kspo.or.kr/web/ai/,019_DB47D67E7D0435C040C46FD1882A9086.jpg,jpg,213,280
20,"균열, 누수",2025-09-08,전북특별자치도,진안군,체육관,진안문예체육회관,전라북도 진안군 진안읍 진무로 1054-38,건물 내외부,기둥 보 바닥 벽 계단 (주요구조부),"균열, 누수, 침수, 백태",25상-1(조치필요) 2층 복도 벽체 균열 및 누수흔적,http://openapi.kspo.or.kr/web/ai/,020_22DA7E25C7F33FC5130EAA57ED44251F.jpg,jpg,215,287
21,"균열, 누수",2025-08-26,인천광역시,서구,체육관,(취약시설)인천서구국민체육센터(구: 서구국민체육센터체육관),인천광역시 서구 승학로 525 (검암동),건물 내외부,기둥 보 바닥 벽 계단 (주요구조부),"균열, 누수, 침수, 백태",25하-1(조치필요) 지하1층 수영장 PIT 슬래브 균열 및 누수흔적/백태(주의관찰),http://openapi.kspo.or.kr/web/ai/,021_4BCD2252747B7E9E7F59263461CC379F.jpg,jpg,333,250
22,"균열, 누수",2025-06-10,경상남도,사천시,육상경기장,삼천포종합운동장,경상남도 사천시 주공로 32 (벌리동),건물 내외부,기둥 보 바닥 벽 계단 (주요구조부),"균열, 누수, 침수, 백태",25상-11(조치필요) 2층 상부보 균열,http://openapi.kspo.or.kr/web/ai/,022_903CC85D492BF379A9B7B78AD9400DD0.jpg,jpg,368,276
23,"균열, 누수",2025-05-26,경상남도,하동군,체육관,(취약시설)하동체육관,경상남도 하동군 적량면 공설운동장로 207,건물 내외부,기둥 보 바닥 벽 계단 (주요구조부),"균열, 누수, 침수, 백태",25상-2(조치필요) 옥상 파라펫 습식균열,http://openapi.kspo.or.kr/web/ai/,023_7F791745E1C1E97516622099E35736B0.jpg,jpg,382,286
24,"균열, 누수",2025-06-17,충청남도,청양군,체육관,(취약시설)(취약시설)청양군문화체육센터,충청남도 청양군 청양읍 칠갑산로 221,건물 내외부,기둥 보 바닥 벽 계단 (주요구조부),"균열, 누수, 침수, 백태",25상-3(조치필요) 외부 계단 벽체 망상균열,http://openapi.kspo.or.kr/web/ai/,024_BA91994AE03EC71CCCFFE7BFA2A8D26B.jpg,jpg,216,287
25,"균열, 누수",2025-06-24,충청북도,음성군,체육관,대소국민체육센터,충청북도 음성군 대소면 대성로 39,건물 내외부,기둥 보 바닥 벽 계단 (주요구조부),"균열, 누수, 침수, 백태",25상-1(조치필요) 파라펫 균열 지상2층 옥상 다수,http://openapi.kspo.or.kr/web/ai/,025_EA2D4FF6BFAA642C9BABA8DF55A267DA.jpg,jpg,361,270
26,"균열, 누수",2025-09-08,서울특별시,중랑구,수영장,중랑문화체육관 수영장,서울특별시 중랑구 사가정로72길 47 (면목동),건물 내외부,기둥 보 바닥 벽 계단 (주요구조부),"균열, 누수, 침수, 백태","25하-1 (조치필요) 수영장 PIT층 슬래브 균열, 누수, 백태 다수발생",http://openapi.kspo.or.kr/web/ai/,026_0A790C22F27CBE0F824744EE8E45FEB1.jpg,jpg,365,273
27,"탈락, 철근노출",2025-05-19,경기도,포천시,육상경기장,포천종합운동장,경기도 포천시 군내면 호국로 1518,건물 내외부,기둥 보 바닥 벽 계단 (주요구조부),"콘크리트 탈락, 철근 노출",25상-6(조치필요) 2층 기둥 콘크리트 박락,http://openapi.kspo.or.kr/web/ai/,027_C1D6484EDE514DC25B84C0966B6A28F8.jpg,jpg,331,248
28,"탈락, 철근노출",2025-06-25,경기도,김포시,육상경기장,김포시종합운동장,경기도 김포시 돌문로15번길 20 (사우동),건물 내외부,기둥 보 바닥 벽 계단 (주요구조부),"콘크리트 탈락, 철근 노출",25상-10(조치필요) 2층 난간벽체 박락,http://openapi.kspo.or.kr/web/ai/,028_17644B2B8ED99C9765C335927DE78471.jpg,jpg,330,247
29,"탈락, 철근노출",2025-06-09,경상남도,고성군,체육관,고성군 실내체육관,경상남도 고성군 고성읍 교사4길 171-4,건물 내외부,기둥 보 바닥 벽 계단 (주요구조부),"콘크리트 탈락, 철근 노출",25상-5(조치필요) 외부 벽체 철근노출,http://openapi.kspo.or.kr/web/ai/,029_7FBC97CCE9560B0ABF8E968D6921BF71.jpg,jpg,331,248
30,"탈락, 철근노출",2025-05-22,경기도,안성시,체육관,안성시농민문화체육센터,경기도 안성시 일죽면 주래본죽로 6,건물 내외부,기둥 보 바닥 벽 계단 (주요구조부),"콘크리트 탈락, 철근 노출",25상-2(조치필요) 외부 처마 슬래브 콘크리트 박락,http://openapi.kspo.or.kr/web/ai/,030_8A8593877E228621A1BE1BB41C9C69DE.jpg,jpg,331,247
31,"탈락, 철근노출",2025-06-09,경상남도,사천시,체육관,삼천포체육관,경상남도 사천시 주공로 32-1 (용강동),건물 내외부,기둥 보 바닥 벽 계단 (주요구조부),"콘크리트 탈락, 철근 노출","25상-12(조치필요) 야외 난간벽체 들뜸, 박락",http://openapi.kspo.or.kr/web/ai/,031_9855197E25C57C1E40625C6BC2EEBFA8.jpg,jpg,331,248
32,"탈락, 철근노출",2025-08-05,충청남도,청양군,체육관,(취약시설)(취약시설)청양군문화체육센터,충청남도 청양군 청양읍 칠갑산로 221,건물 내외부,기둥 보 바닥 벽 계단 (주요구조부),"콘크리트 탈락, 철근 노출",25상-4(조치필요) 지상3층 발코니 조형물 철근노출 및 부식,http://openapi.kspo.or.kr/web/ai/,032_94EEB6AC6E1189FB3776CFEDF1CFADA0.jpg,jpg,331,248
33,"탈락, 철근노출",2025-08-04,충청남도,공주시,체육관,백제체육관,충청남도 공주시 고마나루길 51-14(웅진동),건물 내외부,기둥 보 바닥 벽 계단 (주요구조부),"콘크리트 탈락, 철근 노출",25상-2(조치필요) 계단 철근노출,http://openapi.kspo.or.kr/web/ai/,033_73DB5D667056C131F2FFA5E15463BF29.jpg,jpg,331,248
34,"탈락, 철근노출",2025-07-15,경기도,부천시,수영장,소사국민체육센터 수영장,경기도 부천시 소사로 108 (소사본동),건물 내외부,기둥 보 바닥 벽 계단 (주요구조부),"콘크리트 탈락, 철근 노출","25하-1(조치필요) pit층 기둥 박락, 철근노출(12개소)",http://openapi.kspo.or.kr/web/ai/,034_3D0A73BA0E9CFFE625556BA3AFF9EE45.jpg,jpg,330,248
35,"탈락, 철근노출",2025-09-24,부산광역시,서구,육상경기장,구덕종합운동장주경기장,부산광역시 서구 대신로 150 (서대신동3가),건물 내외부,기둥 보 바닥 벽 계단 (주요구조부),"콘크리트 탈락, 철근 노출",(조치필요) 지상 1층 직2문 천장 슬래브 철근노출 및 부식,http://openapi.kspo.or.kr/web/ai/,035_FE0D8049AFC0BDAA1DF7ED81AA1A0FB3.jpg,jpg,330,248
36,"탈락, 철근노출",2025-09-23,부산광역시,동래구,체육관,부산종합운동장 실내체육관,부산광역시 동래구 사직로 55-32(사직동),건물 내외부,기둥 보 바닥 벽 계단 (주요구조부),"콘크리트 탈락, 철근 노출",(조치필요)지상 4층 2. 상부 슬래브 철근노출,http://openapi.kspo.or.kr/web/ai/,036_CC83D34B55DBD0CC917875ECEC182B73.jpg,jpg,330,248
37,"탈락, 철근노출",2025-08-12,충청북도,청주시,육상경기장,청주종합경기장 육상경기장,충청북도 청주시 서원구 사직대로 229 (사직동),건물 내외부,기둥 보 바닥 벽 계단 (주요구조부),"콘크리트 탈락, 철근 노출",25상-3(조치필요) 1층 웨이트 트레이닝장 슬래브 콘크리트 박락,http://openapi.kspo.or.kr/web/ai/,037_07E6390C318275D2E410660F92BCA59B.jpg,jpg,384,289
38,"탈락, 철근노출",2025-05-19,경기도,포천시,육상경기장,포천종합운동장,경기도 포천시 군내면 호국로 1518,건물 내외부,기둥 보 바닥 벽 계단 (주요구조부),"콘크리트 탈락, 철근 노출",25상-6(조치필요) 2층 기둥 콘크리트 박락,http://openapi.kspo.or.kr/web/ai/,038_FBEE88FC85CC252D2F682568FEB3707B.jpg,jpg,380,286
39,"탈락, 철근노출",2025-06-10,경상남도,함양군,체육관,연암체육관,경상남도 함양군 안의면 거함대로 1648,건물 내외부,기둥 보 바닥 벽 계단 (주요구조부),"콘크리트 탈락, 철근 노출",25상-4(조치필요) 2층 방송실 보 콘크리트 박락,http://openapi.kspo.or.kr/web/ai/,039_3F5CBB6928327B670F8BD4B5D5769EFE.jpg,jpg,367,276
40,"탈락, 철근노출",2025-06-17,충청남도,청양군,체육관,(취약시설)(취약시설)청양군문화체육센터,충청남도 청양군 청양읍 칠갑산로 221,건물 내외부,기둥 보 바닥 벽 계단 (주요구조부),"콘크리트 탈락, 철근 노출",25상-4(조치필요) 지상3층 발코니 조형물 철근노출 및 부식,http://openapi.kspo.or.kr/web/ai/,040_DDC0BC16A12C6CEEBCCAB5DDA8BF6F67.jpg,jpg,209,279
41,"탈락, 철근노출",2025-06-10,경상남도,창녕군,육상경기장,창녕공설운동장,경상남도 창녕군 창녕읍 창녕대로 305,건물 내외부,기둥 보 바닥 벽 계단 (주요구조부),"콘크리트 탈락, 철근 노출","25상-8(조치필요) 관람석 슬래브 콘크리트 박락 및 철근노출,부식",http://openapi.kspo.or.kr/web/ai/,041_EC128B565F6B30FCEA34FB88EDB9D65B.jpg,jpg,381,287
42,"탈락, 철근노출",2025-06-23,충청북도,청주시,체육관,청주체육관,충청북도 청주시 서원구 사직대로 229 (사직동),건물 내외부,기둥 보 바닥 벽 계단 (주요구조부),"콘크리트 탈락, 철근 노출",25상-3(조치필요) 슬래브 콘크리트 들뜸 지상3층 북문 서문 측 계단실 앞 상부,http://openapi.kspo.or.kr/web/ai/,042_05FE079BFA3F3825064EC26AFFAC782B.jpg,jpg,382,286
43,"탈락, 철근노출",2025-09-18,경상북도,영주시,육상경기장,영주시민운동장,경상북도 영주시 가흥로 109 (가흥동),건물 내외부,기둥 보 바닥 벽 계단 (주요구조부),"콘크리트 탈락, 철근 노출",25하-5(조치필요) 본부석 좌측 방향 관람석 파라펫 콘크리트 박락 및 철근 부식,http://openapi.kspo.or.kr/web/ai/,043_5B12C522E38E8AFB13A6989BAACE92B9.jpg,jpg,201,267
44,"탈락, 철근노출",2025-09-09,서울특별시,성동구,수영장,성동구민종합체육센터수영장,성수1가 685-20,건물 내외부,기둥 보 바닥 벽 계단 (주요구조부),"콘크리트 탈락, 철근 노출",25상-2(조치필요) 지하 2층 처치실 슬래브 하부 철근 노출,http://openapi.kspo.or.kr/web/ai/,044_630EAD236F5E5D2C718D7C62395FCC59.jpg,jpg,394,296
45,"탈락, 철근노출",2025-07-23,서울특별시,서초구,테니스장,시민의숲테니스장,서초구 양재동 224번지외3필지,건물 내외부,기둥 보 바닥 벽 계단 (주요구조부),"콘크리트 탈락, 철근 노출",25상-2(조치필요) 1층 상부 콘크리트 보 박락,http://openapi.kspo.or.kr/web/ai/,045_C0494BEBCD1DF8B75C792645513F2028.jpg,jpg,383,289
46,"탈락, 철근노출",2025-08-26,경기도,의정부시,육상경기장,의정부종합운동장주경기장,의정부시 체육로90,건물 내외부,기둥 보 바닥 벽 계단 (주요구조부),"콘크리트 탈락, 철근 노출",25상-5(조치필요) 1층 외부벽체 콘크리트 탈락 맟 철근노출 다수 발생,http://openapi.kspo.or.kr/web/ai/,046_5BE130A4B88467565E6A6604A16A6B76.jpg,jpg,207,277
47,철골재 볼트누락,2025-05-19,전북특별자치도,임실군,체육관,임실군군민회관체육관,전라북도 임실군 임실읍 호국로 1703,건물 내외부,기둥 보 바닥 벽 계단 (주요구조부),철골재 접합부 볼트 누락 여부,(조치필요)지붕층 2. 스페이스프레임 접합부 핀 탈락,http://openapi.kspo.or.kr/web/ai/,047_2E476FE7928EAA2536751267BB932F72.jpg,jpg,332,248
48,철골재 볼트누락,2025-06-09,경상남도,사천시,체육관,삼천포체육관,경상남도 사천시 주공로 32-1 (용강동),건물 내외부,기둥 보 바닥 벽 계단 (주요구조부),철골재 접합부 볼트 누락 여부,25상-3(조치필요) 2층 철골기둥 접합부 볼트 체결불량,http://openapi.kspo.or.kr/web/ai/,048_17A2B79534540C5FC511A30D82F9E3A6.jpg,jpg,330,248
49,철골재 볼트누락,2025-07-14,경기도,부천시,체육관,부천체육관,경기도 부천시 석천로 293 (중동),건물 내외부,기둥 보 바닥 벽 계단 (주요구조부),철골재 접합부 볼트 누락 여부,25상-4(조치필요) 지붕층(음향실 상부) 주각부 앵커볼트 체결불량,http://openapi.kspo.or.kr/web/ai/,049_80565D7EF3FCD9C5DD08E8E8D2EF3C00.jpg,jpg,225,301
50,철골재 볼트누락,2025-07-17,경기도,구리시,체육관,구리시체육관,교문동 3-2번지 일원,건물 내외부,기둥 보 바닥 벽 계단 (주요구조부),철골재 접합부 볼트 누락 여부,25하-2(조치필요) 지상2층 지붕 트러스 철골 접합부 볼트 탈락,http://openapi.kspo.or.kr/web/ai/,050_CC42ED005236B7C73910438BE1B2E511.jpg,jpg,215,286
51,철골재 볼트누락,2025-08-21,전라남도,광양시,체육관,광양시실내체육관,전라남도 광양시 광양읍 매천로 695-20,건물 내외부,기둥 보 바닥 벽 계단 (주요구조부),철골재 접합부 볼트 누락 여부,25하-1(조치필요) 지상 2층 천장 스페이스프레임 안전핀 미시공,http://openapi.kspo.or.kr/web/ai/,051_1394201445C666D1BA7A8DB70947B81B.png,png,212,130
52,철골재 볼트누락,2025-07-24,충청북도,제천시,하키장,청풍명월국제하키장,충청북도 제천시 청풍면 물태리103,건물 내외부,기둥 보 바닥 벽 계단 (주요구조부),철골재 접합부 볼트 누락 여부,25하-1 (조치필요) 지상 1층 경기장 외부 감시탑 철제 구조물 기초 앵커볼트 누락,http://openapi.kspo.or.kr/web/ai/,052_864A1C927628905A486C9FCA89EBBF2B.png,png,476,290
53,철골재 볼트누락,2025-08-06,충청남도,예산군,전천후게이트볼장,예산게이트볼장,충청남도 예산군 예산읍 예산로 320-17,건물 내외부,기둥 보 바닥 벽 계단 (주요구조부),철골재 접합부 볼트 누락 여부,25상-1(조치필요) 1층 게이트볼장 철골재 보 접합부 볼트 풀림,http://openapi.kspo.or.kr/web/ai/,053_14AD1AE1B34B25A608A35683D87049B3.jpg,jpg,211,282
54,철골재 부식,2025-06-17,경상남도,남해군,야구장,남해스포츠파크인조야구장,경상남도 남해군 서면 스포츠파크길 74,건물 내외부,기둥 보 바닥 벽 계단 (주요구조부),"철골재 부식, 도장 탈락 여부",25상-6(조치필요)  필드 본부석 철골구조체 표면부식(전반적),http://openapi.kspo.or.kr/web/ai/,054_3F1A1D5BC04DD24DD32527B624ADCCC1.jpg,jpg,331,248
55,철골재 부식,2025-05-28,울산광역시,울주군,전천후게이트볼장,웅촌게이트볼장,울산광역시 울주군 웅촌면 웅촌로 378-1,건물 내외부,기둥 보 바닥 벽 계단 (주요구조부),"철골재 부식, 도장 탈락 여부","25상-3(조치필요) 내부 철골기둥 도장박락, 표면부식",http://openapi.kspo.or.kr/web/ai/,055_E62DA94929AB6978FE061E8AD51E37D8.jpg,jpg,331,248
56,철골재 부식,2025-05-27,울산광역시,남구,축구장,문수축구경기장,옥동산5번지,건물 내외부,기둥 보 바닥 벽 계단 (주요구조부),"철골재 부식, 도장 탈락 여부",25상-10(조치필요)  3층 상부 지붕구조체 접합부 볼트 부식(전반적),http://openapi.kspo.or.kr/web/ai/,056_571CA66A98A19A2AA910461E22EB5999.jpg,jpg,331,247
57,철골재 부식,2025-06-09,경상남도,사천시,체육관,삼천포체육관,경상남도 사천시 주공로 32-1 (용강동),건물 내외부,기둥 보 바닥 벽 계단 (주요구조부),"철골재 부식, 도장 탈락 여부","25상-7(조치필요) 지붕 철골트러스 도장박락, 부식",http://openapi.kspo.or.kr/web/ai/,057_A000D965D68150CAE620D0FF0AC56ACC.jpg,jpg,331,247
58,철골재 부식,2025-05-28,울산광역시,북구,체육관,오토밸리복지센터,울산광역시 북구 산업로 1020 (연암동),건물 내외부,기둥 보 바닥 벽 계단 (주요구조부),"철골재 부식, 도장 탈락 여부","25상-2(조치필요) 3층 체육관, 2층 헬스장 조깅구역 상부 철골보 부식",http://openapi.kspo.or.kr/web/ai/,058_A2938143F62EC9A64FB0264C552B8429.jpg,jpg,331,248
59,철골재 부식,2025-09-08,전북특별자치도,진안군,체육관,진안문예체육회관,전라북도 진안군 진안읍 진무로 1054-38,건물 내외부,기둥 보 바닥 벽 계단 (주요구조부),"철골재 부식, 도장 탈락 여부",25상-3(조치필요) 3층 체육관 관람석 트러스 도장 부식,http://openapi.kspo.or.kr/web/ai/,059_07A4FCF3218DD86A17BF86E0A889D01E.jpg,jpg,331,247
60,철골재 부식,2025-09-10,전북특별자치도,무주군,테니스장,반딧불체육관테니스장,전라북도 무주군 무주읍 한풍루로 326-14,건물 내외부,기둥 보 바닥 벽 계단 (주요구조부),"철골재 부식, 도장 탈락 여부",25상-3(조치필요) 지붕층(내부) 철골구조체 표면부식,http://openapi.kspo.or.kr/web/ai/,060_08C14E3CFBFB709F7EA5FEA2ACF79F4F.jpg,jpg,330,247
61,철골재 부식,2025-07-14,경기도,부천시,육상경기장,부천종합운동장,경기도 부천시 소사로 482 (춘의동),건물 내외부,기둥 보 바닥 벽 계단 (주요구조부),"철골재 부식, 도장 탈락 여부",25하-3(조치필요) 3층 스텐드 상부 철골보 도장박락(다수),http://openapi.kspo.or.kr/web/ai/,061_7129432491E411EE99841533D743A37D.jpg,jpg,330,248
62,철골재 부식,2025-09-02,대구광역시,북구,사격장,대구국제사격장,대구광역시 북구 문주길 170 (금호동),건물 내외부,기둥 보 바닥 벽 계단 (주요구조부),"철골재 부식, 도장 탈락 여부",25상-2(조치필요) 실내사격장 지상 1층 50M사격장 철판부식 및 접합부 부식 다수 발생,http://openapi.kspo.or.kr/web/ai/,062_3C0D09E30E7A577AB2FB871534D92D62.jpg,jpg,330,248
63,철골재 부식,2025-08-07,충청남도,청양군,전천후게이트볼장,대치면게이트볼장,충청남도 청양군 대치면 칠갑산로 505-3,건물 내외부,기둥 보 바닥 벽 계단 (주요구조부),"철골재 부식, 도장 탈락 여부",25상-2(조치필요) 철골 부재 도장 박리 전반적,http://openapi.kspo.or.kr/web/ai/,063_5C4370FEB9763DA73A095E78DADA9D7D.jpg,jpg,330,247
64,철골재 부식,2025-07-28,충청남도,서천군,체육관,한산모시체육관,충청남도 서천군 한산면 충절로1174번길 22,건물 내외부,기둥 보 바닥 벽 계단 (주요구조부),"철골재 부식, 도장 탈락 여부",25상-1(조치필요) 철골 부재 부식발생 (점검로 통해 확인),http://openapi.kspo.or.kr/web/ai/,064_AF5AE694B18C251D83456AC76D15E820.jpg,jpg,216,287
65,철골재 부식,2025-07-15,경기도,하남시,육상경기장,하남종합운동장주경기장,경기도 하남시 아리수로 600 (망월동),건물 내외부,기둥 보 바닥 벽 계단 (주요구조부),"철골재 부식, 도장 탈락 여부",25하-3(조치필요) 지상2층 본부석 북측 지붕 철골 및 접합 볼트 부식 다수,http://openapi.kspo.or.kr/web/ai/,065_2FC082931223E5E42627B003121792BB.jpg,jpg,211,282
66,철골재 부식,2025-07-28,충청남도,서천군,전천후게이트볼장,장항게이트볼장,충청남도 서천군 장항읍 성화로 26-10,건물 내외부,기둥 보 바닥 벽 계단 (주요구조부),"철골재 부식, 도장 탈락 여부",25상-4(조치필요) 1층 게이트볼 코트 베이스플레이트 표면부식 다수 발생,http://openapi.kspo.or.kr/web/ai/,066_6A95AFEA73FC420B4ECF6C775AED54F9.jpg,jpg,212,283
67,철골재 부식,2025-07-31,경상남도,거창군,육상경기장,거창종합운동장,경상남도 거창군 거창읍 심소정길 39-36,건물 내외부,기둥 보 바닥 벽 계단 (주요구조부),"철골재 부식, 도장 탈락 여부",25상-4(조치필요) 3층 관람석 지붕 펄린 표면부식 다수 발생,http://openapi.kspo.or.kr/web/ai/,067_F6B29B3F9CF63C6646494AECAF6DCD7E.jpg,jpg,365,273
68,철골재 부식,2025-08-14,전북특별자치도,군산시,전천후게이트볼장,월명게이트볼장,전북특별자치도 군산시 번영로 281 (사정동),건물 내외부,기둥 보 바닥 벽 계단 (주요구조부),"철골재 부식, 도장 탈락 여부",25하-1(조치필요) 실내 게이트볼장 철골 기둥 도장 박락 다수,http://openapi.kspo.or.kr/web/ai/,068_37068BCD9111C6B602A61D5D24A5099F.jpg,jpg,214,286
69,철골재 부식,2025-09-17,충청북도,단양군,육상경기장,단양공설운동장,충청북도 단양군 단양읍 별곡6길 26,건물 내외부,기둥 보 바닥 벽 계단 (주요구조부),"철골재 부식, 도장 탈락 여부",25상-5(조치필요) 본부석 및 관람석 지붕 트러스 부식 발생 전반적,http://openapi.kspo.or.kr/web/ai/,069_2B4A803E1E1B691BD9F47721DAE62547.jpg,jpg,216,287
70,철골재 부식,2025-07-28,전북특별자치도,군산시,축구장,금강공원축구장,전북특별자치도 군산시 내흥동 894,건물 내외부,기둥 보 바닥 벽 계단 (주요구조부),"철골재 부식, 도장 탈락 여부",25하-1(조치필요) 관람석 지붕 철골 및 볼트 부식 다수,http://openapi.kspo.or.kr/web/ai/,070_64125B9E39B62F660B0CA1670AF1FAF7.jpg,jpg,211,282
71,철골재 부식,2025-07-14,경기도,하남시,수영장,하남국민체육센터수영장,경기도 하남시 아리수로 600 (망월동),건물 내외부,기둥 보 바닥 벽 계단 (주요구조부),"철골재 부식, 도장 탈락 여부",25하-1(조치필요) 지상1층 50m 수영장 상부 철골 보 및 접합 볼트 부식 다수,http://openapi.kspo.or.kr/web/ai/,071_0C0235950C0BC57B54FCDC519DD38B79.jpg,jpg,225,299
72,철골재 부식,2025-07-23,경기도,남양주시,축구장,오남체육공원축구장,경기도 남양주시 오남읍 양지로 156-19,건물 내외부,기둥 보 바닥 벽 계단 (주요구조부),"철골재 부식, 도장 탈락 여부",25하-1(조치필요) 축구장 관람석 지붕 철골 부식 다수,http://openapi.kspo.or.kr/web/ai/,072_A6F23A7D73CB4CBA967DAAF5823CC3ED.jpg,jpg,224,298
73,철골재 부식,2025-07-28,충청남도,서천군,체육관,서천군민체육관 본동(1동),충청남도 서천군 장항읍 성화로 26-10,건물 내외부,기둥 보 바닥 벽 계단 (주요구조부),"철골재 부식, 도장 탈락 여부",25하-1(조치필요) 체육관 지붕 철골 및 판넬 부식 다수,http://openapi.kspo.or.kr/web/ai/,073_A33A701B5310249B33448F91071A4355.jpg,jpg,212,284
74,철골재 휨처짐,2025-05-19,전북특별자치도,임실군,체육관,임실군군민회관체육관,전라북도 임실군 임실읍 호국로 1703,건물 내외부,기둥 보 바닥 벽 계단 (주요구조부),"철골재(보,바닥 등)의 휨, 처짐, 변형 등의 손상 여부",(조치필요)지붕층 3. 상현재 휨 변형,http://openapi.kspo.or.kr/web/ai/,074_D5D137512EF774802E74FA59D03577FE.jpg,jpg,330,248
75,철골재 휨처짐,2025-06-24,충청남도,금산군,체육관,금산군 생활체육관(족구장),충청남도 금산군 금성면 진산로 47,건물 내외부,기둥 보 바닥 벽 계단 (주요구조부),"철골재(보,바닥 등)의 휨, 처짐, 변형 등의 손상 여부",25상-1(조치필요) 내부 브레이싱 변형,http://openapi.kspo.or.kr/web/ai/,075_64C85F0DC7E450099647D7712844BE43.jpg,jpg,330,248
76,철골재 휨처짐,2025-08-06,충청남도,청양군,체육관,(취약시설)(취약시설)청양군민체육관,충청남도 청양군 청양읍 충절로 1204,건물 내외부,기둥 보 바닥 벽 계단 (주요구조부),"철골재(보,바닥 등)의 휨, 처짐, 변형 등의 손상 여부",25상-1(조치필요) 전망탑 5층 하부 플레이트 변형 및 도장 오염,http://openapi.kspo.or.kr/web/ai/,076_94F3A59939060C1D32673EFB88ADD42A.jpg,jpg,330,247
77,철골재 휨처짐,2025-09-10,전북특별자치도,무주군,테니스장,반딧불체육관테니스장,전라북도 무주군 무주읍 한풍루로 326-14,건물 내외부,기둥 보 바닥 벽 계단 (주요구조부),"철골재(보,바닥 등)의 휨, 처짐, 변형 등의 손상 여부",(조치필요)지붕층 1. 철골 접합부 플레이트 변형 및 오염,http://openapi.kspo.or.kr/web/ai/,077_3B0614F42C68DADEECBDE24A8972994C.jpg,jpg,332,212
78,철골재 휨처짐,2025-07-17,경기도,구리시,체육관,구리시체육관,교문동 3-2번지 일원,건물 내외부,기둥 보 바닥 벽 계단 (주요구조부),"철골재(보,바닥 등)의 휨, 처짐, 변형 등의 손상 여부",25하-4(조치필요) 지상2층 지붕 트러스 철골 부재 변형 다수,http://openapi.kspo.or.kr/web/ai/,078_7BA0512C9F1848B930AE606ADEC4D96C.jpg,jpg,209,279
79,철골재 휨처짐,2025-06-19,충청남도,천안시,체육관,천안신방체육관,충청남도 천안시 동남구 천안천변길 195-6 (신방동),건물 내외부,기둥 보 바닥 벽 계단 (주요구조부),"철골재(보,바닥 등)의 휨, 처짐, 변형 등의 손상 여부",25상-7(조치필요) 데크플레이트 슬래브 파손 다수 지상1층 게이트볼장 상부,http://openapi.kspo.or.kr/web/ai/,079_8098A1BA446AC8884C939015A6B78E91.jpg,jpg,373,280
80,철골재 휨처짐,2025-08-06,충청남도,청양군,체육관,(취약시설)(취약시설)청양군민체육관,충청남도 청양군 청양읍 충절로 1204,건물 내외부,기둥 보 바닥 벽 계단 (주요구조부),"철골재(보,바닥 등)의 휨, 처짐, 변형 등의 손상 여부",25상-1(조치필요) 전망탑 5층 하부 플레이트 변형 및 도장 오염,http://openapi.kspo.or.kr/web/ai/,080_BC79229C76B68AB0383E5B5C19B36EFB.png,png,472,278
81,철골재 휨처짐,2025-08-11,충청북도,청주시,체육관,청주체육관,충청북도 청주시 서원구 사직대로 229 (사직동),건물 내외부,기둥 보 바닥 벽 계단 (주요구조부),"철골재(보,바닥 등)의 휨, 처짐, 변형 등의 손상 여부",25상-5(조치필요) 철골 트러스 브레이스 인장재 시공불량으로 인한 인장력 부족(단일부재로 시공 해야함) 지상3층 지붕 철골 다수,http://openapi.kspo.or.kr/web/ai/,081_5D1AB622F8EC0F0901EE321643774828.jpg,jpg,387,291
82,철골재 휨처짐,2025-08-11,충청북도,청주시,체육관,청주체육관,충청북도 청주시 서원구 사직대로 229 (사직동),건물 내외부,기둥 보 바닥 벽 계단 (주요구조부),"철골재(보,바닥 등)의 휨, 처짐, 변형 등의 손상 여부",25상-6(조치필요) 철골 트러스 접합부 철판 파손 지상3층 지붕 철골,http://openapi.kspo.or.kr/web/ai/,082_E3753297E8232A59A40893796B0887BE.jpg,jpg,370,277
83,철골재 휨처짐,2025-06-24,충청남도,금산군,체육관,금산군 생활체육관(족구장),충청남도 금산군 금성면 진산로 47,건물 내외부,기둥 보 바닥 벽 계단 (주요구조부),"철골재(보,바닥 등)의 휨, 처짐, 변형 등의 손상 여부",25상-1(조치필요) 내부 브레이싱 변형,http://openapi.kspo.or.kr/web/ai/,083_3B09A4FF5CA9BF6ED8F0AED2DDF1EEB6.png,png,462,273
84,마감재파손,2025-05-19,경기도,포천시,육상경기장,포천종합운동장,경기도 포천시 군내면 호국로 1518,건물 내외부,"바닥 벽(내외부) 천정, 계단(비구조부)","마감재의 파손(균열, 탈락), 오염, 누수 및 누수, 침수 흔적의 발생 여부",25상-5(조치필요) 1층 조적벽체 균열,http://openapi.kspo.or.kr/web/ai/,084_60CC37E8F010D61318150D3CEC6969FB.jpg,jpg,332,248
85,마감재파손,2025-06-17,경상남도,남해군,야구장,남해스포츠파크인조야구장,경상남도 남해군 서면 스포츠파크길 74,건물 내외부,"바닥 벽(내외부) 천정, 계단(비구조부)","마감재의 파손(균열, 탈락), 오염, 누수 및 누수, 침수 흔적의 발생 여부","25상-7(조치필요)  필드 외부 판넬마감 녹오염, 부식(전반적)",http://openapi.kspo.or.kr/web/ai/,085_F3AF308CF9503EE9A3C9F19247CAF2CC.jpg,jpg,330,248
86,마감재파손,2025-06-16,충청북도,옥천군,체육관,옥천체육센터,충청북도 옥천군 옥천읍 관성로 53,건물 내외부,"바닥 벽(내외부) 천정, 계단(비구조부)","마감재의 파손(균열, 탈락), 오염, 누수 및 누수, 침수 흔적의 발생 여부",25상-2(조치필요) 2층 관람석 바닥 균열,http://openapi.kspo.or.kr/web/ai/,086_FB07874745EF7299306026BBA506BB43.jpg,jpg,330,247
87,마감재파손,2025-06-12,경기도,안산시,체육관,감골시민홀체육관,사동 1342,건물 내외부,"바닥 벽(내외부) 천정, 계단(비구조부)","마감재의 파손(균열, 탈락), 오염, 누수 및 누수, 침수 흔적의 발생 여부",25상-1(조치필요) 1층 복도 조적벽체 균열,http://openapi.kspo.or.kr/web/ai/,087_B6861987C24965705A22980B13A95D91.jpg,jpg,330,248
88,마감재파손,2025-06-09,경상남도,사천시,체육관,삼천포체육관,경상남도 사천시 주공로 32-1 (용강동),건물 내외부,"바닥 벽(내외부) 천정, 계단(비구조부)","마감재의 파손(균열, 탈락), 오염, 누수 및 누수, 침수 흔적의 발생 여부","25상-4(조치필요) 2층 천장마감재 누수흔적, 탈락",http://openapi.kspo.or.kr/web/ai/,088_DE875A68F61AB367AAD27CD3C467BC05.jpg,jpg,330,248
89,마감재파손,2025-06-24,충청남도,금산군,체육관,금산군 생활체육관(족구장),충청남도 금산군 금성면 진산로 47,건물 내외부,"바닥 벽(내외부) 천정, 계단(비구조부)","마감재의 파손(균열, 탈락), 오염, 누수 및 누수, 침수 흔적의 발생 여부",25상-2(조치필요) 내부 이동통로 바닥마감 균열(전반적),http://openapi.kspo.or.kr/web/ai/,089_85007E667F1CFB42732E202C029CD79F.jpg,jpg,330,248
90,마감재파손,2025-05-28,울산광역시,북구,체육관,오토밸리복지센터,울산광역시 북구 산업로 1020 (연암동),건물 내외부,"바닥 벽(내외부) 천정, 계단(비구조부)","마감재의 파손(균열, 탈락), 오염, 누수 및 누수, 침수 흔적의 발생 여부",25상-3(조치필요) 2층 헬스장 조깅구역 마감재 녹오염,http://openapi.kspo.or.kr/web/ai/,090_2746EC2596367A7282DB2A14D4321D00.jpg,jpg,330,247
91,마감재파손,2025-07-22,경상남도,김해시,체육관,(취약시설)해동이국민체육센터,경상남도 김해시 삼계로 132 (삼계동),건물 내외부,"바닥 벽(내외부) 천정, 계단(비구조부)","마감재의 파손(균열, 탈락), 오염, 누수 및 누수, 침수 흔적의 발생 여부",25하-1(조치필요) 2층 헬스장 조적벽체 균열,http://openapi.kspo.or.kr/web/ai/,091_DCD5BACC0448A34B8F79C50A1BEEE7E9.jpg,jpg,330,247
92,마감재파손,2025-08-06,충청남도,청양군,체육관,(취약시설)(취약시설)청양군민체육관,충청남도 청양군 청양읍 충절로 1204,건물 내외부,"바닥 벽(내외부) 천정, 계단(비구조부)","마감재의 파손(균열, 탈락), 오염, 누수 및 누수, 침수 흔적의 발생 여부",25상-2(조치필요) 전망탑 4층 천장 텍스 오염 다수 발생,http://openapi.kspo.or.kr/web/ai/,092_57CE2454CDDF93FB1BA1EC0168EF23D4.jpg,jpg,330,248
93,마감재파손,2025-08-04,충청남도,공주시,체육관,백제체육관,충청남도 공주시 고마나루길 51-14(웅진동),건물 내외부,"바닥 벽(내외부) 천정, 계단(비구조부)","마감재의 파손(균열, 탈락), 오염, 누수 및 누수, 침수 흔적의 발생 여부",23-4(조치필요) 3층 관람석 천장 마감 누수 흔적,http://openapi.kspo.or.kr/web/ai/,093_E2DB38253956C9F9625AE0A0E5CB4041.jpg,jpg,330,247
94,마감재파손,2025-08-04,충청남도,홍성군,전천후게이트볼장,홍성전천후게이트볼장,충청남도 홍성군 홍성읍 홍덕서로 78,건물 내외부,"바닥 벽(내외부) 천정, 계단(비구조부)","마감재의 파손(균열, 탈락), 오염, 누수 및 누수, 침수 흔적의 발생 여부",25하-2(조치필요) 1층 관리실 천장 마감재(텍스) 누수흔적 및 곰팡이,http://openapi.kspo.or.kr/web/ai/,094_D1830CEF188B69553C1D0467198163BC.jpg,jpg,384,288
95,마감재파손,2025-08-04,강원특별자치도,춘천시,하키장,춘천 하키장,삼천동 83-2,건물 내외부,"바닥 벽(내외부) 천정, 계단(비구조부)","마감재의 파손(균열, 탈락), 오염, 누수 및 누수, 침수 흔적의 발생 여부","25하-1(조치필요) 관람석 바닥 표면파손, 박락, 열화발생",http://openapi.kspo.or.kr/web/ai/,095_42101A120E58D2DBD6332A49A7A5828F.jpg,jpg,355,266
96,마감재파손,2025-08-27,경기도,연천군,육상경기장,연천공설운동장,경기도 연천군 연천읍 문화로 150,건물 내외부,"바닥 벽(내외부) 천정, 계단(비구조부)","마감재의 파손(균열, 탈락), 오염, 누수 및 누수, 침수 흔적의 발생 여부","25하-3(조치필요) 2층 외부 벽체 도장박락, 열화",http://openapi.kspo.or.kr/web/ai/,096_AEF6DF64A35267F83857B7DE024BBF90.jpg,jpg,345,258
97,마감재파손,2025-07-14,경상북도,상주시,체육관,상주시실내체육관(구관),경상북도 상주시 북상주로 24-7 (계산동),건물 내외부,"바닥 벽(내외부) 천정, 계단(비구조부)","마감재의 파손(균열, 탈락), 오염, 누수 및 누수, 침수 흔적의 발생 여부","25하-3(조치필요)좌,우측면 조적벽체 균열",http://openapi.kspo.or.kr/web/ai/,097_10607D182A44B9BB5D130D7B35F362B0.jpg,jpg,204,272
98,마감재파손,2025-07-16,서울특별시,관악구,체육관,신림체육센터,서울특별시 관악구 난곡로58길 13 (신림동),건물 내외부,"바닥 벽(내외부) 천정, 계단(비구조부)","마감재의 파손(균열, 탈락), 오염, 누수 및 누수, 침수 흔적의 발생 여부",25하-1(조치필요) 3층 헬스클럽 천장 마감재 들뜸,http://openapi.kspo.or.kr/web/ai/,098_18BFF35238972A05287A463A1C1DA5A9.jpg,jpg,212,283
99,마감재파손,2025-07-21,경기도,남양주시,체육관,호평체육문화센터,경기도 남양주시 늘을2로 67 (호평동),건물 내외부,"바닥 벽(내외부) 천정, 계단(비구조부)","마감재의 파손(균열, 탈락), 오염, 누수 및 누수, 침수 흔적의 발생 여부",25하-1(조치필요) 지하층 수영장 조적벽체 균열 다수,http://openapi.kspo.or.kr/web/ai/,099_FF2EDC8F3F06DFF0C7F74F840A5A21D7.jpg,jpg,365,274
100,마감재파손,2025-09-02,대구광역시,북구,사격장,대구국제사격장,대구광역시 북구 문주길 170 (금호동),건물 내외부,"바닥 벽(내외부) 천정, 계단(비구조부)","마감재의 파손(균열, 탈락), 오염, 누수 및 누수, 침수 흔적의 발생 여부",25하-7(조치필요) 실내사격장 지상1층 복도 벽체 이질재접합부이격 다수,http://openapi.kspo.or.kr/web/ai/,100_62201F843F36F9CC808EBCE042C56834.jpg,jpg,360,270
101,마감재파손,2025-07-23,충청북도,제천시,체육관,배드민턴체육관,충청북도 제천시 청전대로 13 (청전동),건물 내외부,"바닥 벽(내외부) 천정, 계단(비구조부)","마감재의 파손(균열, 탈락), 오염, 누수 및 누수, 침수 흔적의 발생 여부",25하-1(조치필요) 외부 지붕 마감재 누수,http://openapi.kspo.or.kr/web/ai/,101_5A7D20885D73D4968DE28FAC1951994E.jpg,jpg,368,276
102,마감재파손,2025-08-07,경상북도,울진군,체육관,울진군민체육관,울진읍 연지리793,건물 내외부,"바닥 벽(내외부) 천정, 계단(비구조부)","마감재의 파손(균열, 탈락), 오염, 누수 및 누수, 침수 흔적의 발생 여부",25하-2(조치필요) 우측면 외부 조적벽체 미장 박락,http://openapi.kspo.or.kr/web/ai/,102_1AAB9EC466790E66AF40ACC56F95D68D.jpg,jpg,381,286
103,마감재파손,2025-08-07,충청남도,예산군,전천후게이트볼장,광시게이트볼장,충청남도 예산군 광시면 예당로 189-13,건물 내외부,"바닥 벽(내외부) 천정, 계단(비구조부)","마감재의 파손(균열, 탈락), 오염, 누수 및 누수, 침수 흔적의 발생 여부",25하-2(조치필요) 정면 외벽 판넬 마감재 변형,http://openapi.kspo.or.kr/web/ai/,103_BDE0615233B0F7FB10DBE1C3A00952B7.jpg,jpg,357,267
104,"창호문,방충망",2025-07-29,광주광역시,서구,수영장,광주실내수영장,광주광역시 서구 금화로 278 (풍암동),건물 내외부,창호,"창호(문, 방충망 등)의 안전상태",25상-1(조치필요) 1층 수영장 출입문 문틀 부식,http://openapi.kspo.or.kr/web/ai/,104_18C05C6B7039555EA785200F999DB644.jpg,jpg,335,248
105,"창호문,방충망",2025-07-29,광주광역시,서구,체육관,빛고을체육관,광주광역시 서구 금화로 278 (풍암동),건물 내외부,창호,"창호(문, 방충망 등)의 안전상태",25하-1(조치필요) 관람석 2층 출입문 손잡이 파손.jpg,http://openapi.kspo.or.kr/web/ai/,105_017A76BC97C7E710CD63369501B0CF52.jpg,jpg,329,254
106,"창호문,방충망",2025-07-30,광주광역시,서구,기타시설,광주 올림픽기념국민생활관,광주광역시 서구 금화로 278(풍암동),건물 내외부,창호,"창호(문, 방충망 등)의 안전상태",(24하-1)(조치필요)외부 좌측면 그릴창 문짝 고정 미흡,http://openapi.kspo.or.kr/web/ai/,106_76E7739D402C00937C94C0BDD0F2B5E9.jpg,jpg,329,247
107,"창호문,방충망",2025-07-14,경기도,하남시,체육관,하남국민체육센터(국민체육센터),경기도 하남시 아리수로 600 (망월동),건물 내외부,창호,"창호(문, 방충망 등)의 안전상태",25하-3(조치필요) 지상2층 체육관 창문 방충망 파손,http://openapi.kspo.or.kr/web/ai/,107_21570BB4B9F2AE7D6A20F94AC297747C.jpg,jpg,203,272
108,"창호문,방충망",2025-06-16,충청남도,천안시,축구장,천안축구센터,충청남도 천안시 서북구 축구센터로 150 (성정동),건물 내외부,창호,"창호(문, 방충망 등)의 안전상태",25상-7(조치필요) 방충망 파손 본관 지상1층 체력단련장 창문,http://openapi.kspo.or.kr/web/ai/,108_7300BFFB5A12562152E1672906BEAA9B.jpg,jpg,201,268
109,"창호문,방충망",2025-07-28,전라남도,강진군,체육관,(취약시설)강진국민체육센터,전라남도 강진군 군동면 종합운동장길 60,건물 내외부,창호,"창호(문, 방충망 등)의 안전상태",25상-7(조치필요) 부속 철물 파손에 의한 창문 탈락 지상3층 관람석,http://openapi.kspo.or.kr/web/ai/,109_767C37F408010FC5101779B5DA720A1F.jpg,jpg,213,284
110,"창호문,방충망",2025-07-21,경기도,남양주시,체육관,호평체육문화센터,경기도 남양주시 늘을2로 67 (호평동),건물 내외부,창호,"창호(문, 방충망 등)의 안전상태",25하-3(조치필요) 지상2층 탈의실 옆 체육관 출입문 파손,http://openapi.kspo.or.kr/web/ai/,110_9D91FABDA08569DA55936CA6263C7FA7.jpg,jpg,215,287
111,"창호문,방충망",2025-08-07,충청남도,예산군,전천후게이트볼장,광시게이트볼장,충청남도 예산군 광시면 예당로 189-13,건물 내외부,창호,"창호(문, 방충망 등)의 안전상태",25하-3(조치필요) 1층 게이트볼장 창호(문) 변형 및 손잡이 탈락,http://openapi.kspo.or.kr/web/ai/,111_25E21C72CB18E254B637467593C42CFA.jpg,jpg,221,296
112,"창호문,방충망",2025-09-09,전북특별자치도,익산시,전천후게이트볼장,여산실내게이트볼장,전북특별자치도 익산시 여산면 서촌1길 24-7,건물 내외부,창호,"창호(문, 방충망 등)의 안전상태",25하-2(조치필요) 1층 게이트볼장 창호 전반적으로 계폐 불량,http://openapi.kspo.or.kr/web/ai/,112_2EE2C1BB4B75C8CF668F48638886D8BA.jpg,jpg,386,290
113,"창호문,방충망",2025-09-16,경기도,파주시,전천후게이트볼장,(취약시설)파주스타디움게이트볼장,경기도 파주시 중앙로 160 (금릉동),건물 내외부,창호,"창호(문, 방충망 등)의 안전상태",25하-1 (조치필요) 출입문 문틀 변형 및 작동불량,http://openapi.kspo.or.kr/web/ai/,113_CB12A3FE67E88635FD9C9237715BA12D.jpg,jpg,391,292
114,"창호문,방충망",2025-05-27,경상남도,합천군,체육관,합천군스포츠센터,경상남도 합천군 합천읍 장수로 1-2,건물 내외부,창호,"창호(문, 방충망 등)의 안전상태",25상-6(조치필요) 지상2층 탁구장 내부 창문 고정불량,http://openapi.kspo.or.kr/web/ai/,114_05581BF8BE530CB287C205D17138E7F3.jpg,jpg,379,284
115,"창호문,방충망",2025-06-20,충청남도,서천군,체육관,한산모시체육관,충청남도 서천군 한산면 충절로1174번길 22,건물 내외부,창호,"창호(문, 방충망 등)의 안전상태",25상-3(조치필요) 외부 배면 창호 방충망 파손,http://openapi.kspo.or.kr/web/ai/,115_46A2687EE3EF7EAED20D528EBA820B87.jpg,jpg,222,295
116,창호유리,2025-05-28,울산광역시,울주군,전천후게이트볼장,웅촌게이트볼장,울산광역시 울주군 웅촌면 웅촌로 378-1,건물 내외부,창호,창호 유리의 안전상태,25상-6(조치필요) 외부 유리창 파손,http://openapi.kspo.or.kr/web/ai/,116_D7B24D8067469A82527215B5784BE855.jpg,jpg,330,248
117,창호유리,2025-06-12,경기도,안산시,체육관,감골시민홀체육관,사동 1342,건물 내외부,창호,창호 유리의 안전상태,25상-6(조치필요) 1층 계단실 유리창 파손,http://openapi.kspo.or.kr/web/ai/,117_B940A1A8AC3EE4DBF21E483DF3344CCA.jpg,jpg,330,248
118,창호유리,2025-07-28,전라남도,강진군,체육관,(취약시설)강진국민체육센터,전라남도 강진군 군동면 종합운동장길 60,건물 내외부,창호,창호 유리의 안전상태,25하-1(조치필요) 1층 수영장 유리창파손,http://openapi.kspo.or.kr/web/ai/,118_5962848C59FF29F059432742CD369796.jpg,jpg,330,248
119,창호유리,2025-09-08,전북특별자치도,진안군,체육관,진안문예체육회관,전라북도 진안군 진안읍 진무로 1054-38,건물 내외부,창호,창호 유리의 안전상태,25상-11(조치필요) 2층 복도 창문 유리 파손,http://openapi.kspo.or.kr/web/ai/,119_5619A8C333240EC779BBE55CAD11C6AC.jpg,jpg,393,249
120,창호유리,2025-08-07,전북특별자치도,김제시,테니스장,지평선테니스장,전라북도 김제시 도작로 224-107 (검산동),건물 내외부,창호,창호 유리의 안전상태,25상-1 (조치필요) 창호 파손 위험,http://openapi.kspo.or.kr/web/ai/,120_C972A58BDF9D3CECFE6464A626A250EA.jpg,jpg,383,258
121,창호유리,2025-09-19,충청북도,단양군,체육관,단양다목적체육관,충청북도 단양군 단양읍 별곡3로 19,건물 내외부,창호,창호 유리의 안전상태,25상-5(조치필요) 탁구장 통로 계단실 유리 금 발생,http://openapi.kspo.or.kr/web/ai/,121_9DDD9C62C2672C427DFFF990746EA757.png,png,177,284
122,창호유리,2025-05-14,경기도,남양주시,체육관,호평체육문화센터,경기도 남양주시 늘을2로 67 (호평동),건물 내외부,창호,창호 유리의 안전상태,25상-11(조치필요) 창호 유리 파손 지상2층 헬스장 복도,http://openapi.kspo.or.kr/web/ai/,122_7ADD62DDA1E5C6569038A813A7E1C578.jpg,jpg,209,279
123,창호유리,2025-06-19,충청남도,천안시,체육관,천안신방체육관,충청남도 천안시 동남구 천안천변길 195-6 (신방동),건물 내외부,창호,창호 유리의 안전상태,25상-10(조치필요) 유리 블럭 파손 다수 정문 우측 주차장 방향 외부 벽체,http://openapi.kspo.or.kr/web/ai/,123_49688BF9180D5D883AE3E5FAC0CBED91.jpg,jpg,216,288
124,창호유리,2025-07-21,서울특별시,광진구,수영장,중곡문화체육센터수영장,서울특별시 광진구 능동로 433 (중곡동),건물 내외부,창호,창호 유리의 안전상태,25하-1(조치필요) 외부 유리창 유리파손,http://openapi.kspo.or.kr/web/ai/,124_9C985126BDE454985550E288A3B87C2B.jpg,jpg,203,271
125,창호유리,2025-07-28,경상남도,합천군,체육관,청덕체육관,경남 합천군 청덕면 두곡리 368-1,건물 내외부,창호,창호 유리의 안전상태,25상-2(조치필요) 1층 외부 창호 유리 파손,http://openapi.kspo.or.kr/web/ai/,125_DAB57C6840D5A7A54892C55B3A941710.jpg,jpg,375,281
126,창호유리,2025-09-12,서울특별시,서초구,체육관,언남문화체육센터,서울특별시 서초구 동산로13길 35 (양재동),건물 내외부,창호,창호 유리의 안전상태,25하-1(조치필요) 지상4층 골프연습장 테라스 방향 창호 유리 파손,http://openapi.kspo.or.kr/web/ai/,126_EF64945A1C971E73C55C418A426C1C3A.jpg,jpg,218,290
127,창호유리,2025-08-06,경상남도,통영시,수영장,통영국민체육센터수영장,경상남도 통영시 산양읍 산양중앙로 100,건물 내외부,창호,창호 유리의 안전상태,25하-2(조치필요) 지상 1층 외부 배면 유리창 파손,http://openapi.kspo.or.kr/web/ai/,127_F0B73EABA65043EB3E884FA373258AE6.png,png,443,269
128,창호유리,2025-09-18,대전광역시,서구,빙상장,남선공원 빙상장,대전광역시 서구 남선로 66 (탄방동),건물 내외부,창호,창호 유리의 안전상태,25하-5(조치필요) 지상2층 빙상장 관람석 골프연습장 방향 창호 파손,http://openapi.kspo.or.kr/web/ai/,128_83CE7B19FA2579FB3AF87F752240A03B.png,png,439,268
129,미끄럼방지,2025-08-05,충청남도,청양군,체육관,(취약시설)(취약시설)청양군문화체육센터,충청남도 청양군 청양읍 칠갑산로 221,건물 내외부,계단 경사로,"미끄럼 방지시설, 낙하 및 추락방지 그물 설치 등",25상-9(조치필요) 외부 계단 논슬립 미설치,http://openapi.kspo.or.kr/web/ai/,129_EF0A742A41D4B2EB43F6C2F4078FAE9E.jpg,jpg,331,248
130,미끄럼방지,2025-08-06,충청남도,청양군,체육관,(취약시설)(취약시설)청양군민체육관,충청남도 청양군 청양읍 충절로 1204,건물 내외부,계단 경사로,"미끄럼 방지시설, 낙하 및 추락방지 그물 설치 등",25상-10(조치필요) 지상 3층 관람석 계단 논슬립 탈락,http://openapi.kspo.or.kr/web/ai/,130_FF17FB5CE89860F971C797A243CCBE17.jpg,jpg,331,247
131,미끄럼방지,2025-09-08,전북특별자치도,진안군,체육관,진안문예체육회관,전라북도 진안군 진안읍 진무로 1054-38,건물 내외부,계단 경사로,"미끄럼 방지시설, 낙하 및 추락방지 그물 설치 등",25상-12(조치필요) 체육관 관람석 및 공용부 계단 논슬립 전체적으로 미부착,http://openapi.kspo.or.kr/web/ai/,131_174000EC6B927C3AD6AFD0ECC3B59D4F.jpg,jpg,341,279
132,미끄럼방지,2025-08-04,충청남도,공주시,체육관,백제체육관,충청남도 공주시 고마나루길 51-14(웅진동),건물 내외부,계단 경사로,"미끄럼 방지시설, 낙하 및 추락방지 그물 설치 등",23-7(조치필요) 관람석 전체 계단 미끄럼방지 미설치,http://openapi.kspo.or.kr/web/ai/,132_EE37FDE0736634812BFAFDE5745CDB86.jpg,jpg,331,247
133,미끄럼방지,2025-09-03,대구광역시,수성구,축구장,(취약시설)수성구민운동장,수성구 범어동 356,건물 내외부,계단 경사로,"미끄럼 방지시설, 낙하 및 추락방지 그물 설치 등",25상-3(조치필요) 2층 관람석 논슬립 미설치,http://openapi.kspo.or.kr/web/ai/,133_67746614419A18B69F33B28038FAF9E4.jpg,jpg,337,270
134,미끄럼방지,2025-09-11,전북특별자치도,무주군,축구장,면생활체육공원(안성축구장),전라북도 무주군 안성면 구량천로 82,건물 내외부,계단 경사로,"미끄럼 방지시설, 낙하 및 추락방지 그물 설치 등","25상-4(조치필요) 외부 계단, 관람석 계단 미끄럼방지 미설치",http://openapi.kspo.or.kr/web/ai/,134_F1B9487227C580E5BCA07614CC187645.jpg,jpg,338,272
135,미끄럼방지,2025-09-10,전북특별자치도,무주군,테니스장,반딧불체육관테니스장,전라북도 무주군 무주읍 한풍루로 326-14,건물 내외부,계단 경사로,"미끄럼 방지시설, 낙하 및 추락방지 그물 설치 등",25하-1(조치필요)2층 관람석 계단 미끄럼 방지시설 미부착,http://openapi.kspo.or.kr/web/ai/,135_D1E253805696364722A54CBCD7988E2F.jpg,jpg,343,240
136,미끄럼방지,2025-07-30,전라남도,장흥군,체육관,장흥실내체육관,전라남도 장흥군 장흥읍 읍성로 5-28,건물 내외부,계단 경사로,"미끄럼 방지시설, 낙하 및 추락방지 그물 설치 등","25상-4(조치필요) 미끄럼 방지 미설치 지상1층 계단 다수, 지상2층 관람석 철제 계단 다수",http://openapi.kspo.or.kr/web/ai/,136_DB5C999928F476775044FE2D1E0B3C9E.jpg,jpg,331,248
137,미끄럼방지,2025-09-16,대전광역시,서구,체육관,도솔다목적체육관,대전광역시 서구 배재로197번길 41 (도마동),건물 내외부,계단 경사로,"미끄럼 방지시설, 낙하 및 추락방지 그물 설치 등",25하-2 (조치필요) 2층 관람석 계단 미끄럼 방지 시설 미부착,http://openapi.kspo.or.kr/web/ai/,137_8548BEDEF99C53CBBC5010AC3A1D4803.jpg,jpg,329,281
138,미끄럼방지,2025-09-23,부산광역시,동래구,체육관,부산종합운동장 실내체육관,부산광역시 동래구 사직로 55-32(사직동),건물 내외부,계단 경사로,"미끄럼 방지시설, 낙하 및 추락방지 그물 설치 등",(조치필요)지상 4층 1. 관람석 계단 미끄럼방지 미설치,http://openapi.kspo.or.kr/web/ai/,138_08A2006A9A1DE3267EE53D69AC77B6E7.jpg,jpg,335,255
139,미끄럼방지,2025-07-29,경상남도,합천군,체육관,합천체육관,경상남도 합천군 합천읍 장수로 1,건물 내외부,계단 경사로,"미끄럼 방지시설, 낙하 및 추락방지 그물 설치 등",25하-1(조치필요) 외부 주출입구 계단 미끄럼방지시설 미설치,http://openapi.kspo.or.kr/web/ai/,139_2B51074D436F83C2F31AF32599AE6C0B.jpg,jpg,207,275
140,미끄럼방지,2025-08-04,충청남도,홍성군,전천후게이트볼장,홍성전천후게이트볼장,충청남도 홍성군 홍성읍 홍덕서로 78,건물 내외부,계단 경사로,"미끄럼 방지시설, 낙하 및 추락방지 그물 설치 등",25하-1(조치필요) 1층 주출입구 계단 논슬립 미설치,http://openapi.kspo.or.kr/web/ai/,140_378C380C7ECF98C5128E62FA78189FCF.jpg,jpg,209,280
141,미끄럼방지,2025-07-15,경기도,남양주시,육상경기장,남양주시종합운동장보조경기장,경기도 남양주시 다산지금로 91 (이패동),건물 내외부,계단 경사로,"미끄럼 방지시설, 낙하 및 추락방지 그물 설치 등",25하-1(조치필요) 본부석 주계단 미끄럼방지 미설치,http://openapi.kspo.or.kr/web/ai/,141_CC2E4F379689058C75977BF47D666888.png,png,163,277
142,미끄럼방지,2025-09-05,경기도,평택시,수영장,평택시실내수영장,경기도 평택시 평남로 616 (합정동),건물 내외부,계단 경사로,"미끄럼 방지시설, 낙하 및 추락방지 그물 설치 등",25하-3(조치필요) 지상1층 계단 논슬립 미설치,http://openapi.kspo.or.kr/web/ai/,142_25D6F91D930DCDA9D31526BFFEE3D74E.png,png,448,278
143,미끄럼방지,2025-09-08,전북특별자치도,전주시,축구장,(취약시설)전주아중체련공원축구장,전북특별자치도 전주시 덕진구 한배미6길 23 (인후동1가),건물 내외부,계단 경사로,"미끄럼 방지시설, 낙하 및 추락방지 그물 설치 등",25하-1(조치필요) 출입구 및 관람석 계단 전체적으로 미끄럼방지시설 미설치,http://openapi.kspo.or.kr/web/ai/,143_79EE744F2182EE69590A0F1891A4216A.jpg,jpg,344,258
144,미끄럼방지,2025-09-03,경기도,안산시,수영장,안산올림픽실내수영장,경기도 안산시 단원구 적금로 202 (고잔동),건물 내외부,계단 경사로,"미끄럼 방지시설, 낙하 및 추락방지 그물 설치 등","25하-2(조치필요) 지상1층 후문 출입 계단 미끄럼 방지 일부 미설치, 지상2층 정문 출입구 양쪽 경사로 미끄럼 방지 미설치",http://openapi.kspo.or.kr/web/ai/,144_17650AAC93ADC6525B56223F6472739B.jpg,jpg,214,285
145,미끄럼방지,2025-07-22,경기도,남양주시,체육관,금곡동실내체육관,금곡동 152-40,건물 내외부,계단 경사로,"미끄럼 방지시설, 낙하 및 추락방지 그물 설치 등","25하-1(조치필요) 지상1층 체육관 무대계단, 지상1층 출입 계단 미끄럼 방지 미설치 다수",http://openapi.kspo.or.kr/web/ai/,145_6C2BE443F87F141C0AC053AECEF41592.jpg,jpg,212,284
146,미끄럼방지,2025-07-29,광주광역시,서구,체육관,검도장,광주광역시 서구 금화로 278 (풍암동),건물 내외부,계단 경사로,"미끄럼 방지시설, 낙하 및 추락방지 그물 설치 등",25하-1(조치필요) 계단 미끄럼방지시설 미설치,http://openapi.kspo.or.kr/web/ai/,146_BD3A9BC9B7FBCCDB86276675BC4DB9ED.jpg,jpg,351,263
147,미끄럼방지,2025-08-05,충청남도,홍성군,체육관,홍주문화체육센터,충청남도 홍성군 홍성읍 홍덕서로 78,건물 내외부,계단 경사로,"미끄럼 방지시설, 낙하 및 추락방지 그물 설치 등",25하-1(조치필요) 지하층 진입 계단실 논슬립 미설치,http://openapi.kspo.or.kr/web/ai/,147_6EE62D8C903A76D672D5092EEC0E4AE9.jpg,jpg,354,266
148,미끄럼방지,2025-08-07,경상북도,울진군,체육관,울진군민체육관,울진읍 연지리793,건물 내외부,계단 경사로,"미끄럼 방지시설, 낙하 및 추락방지 그물 설치 등","25하-3(조치필요) 지상1층 무대 계단, 지상1층 경기장 진입 계단, 지상1층 주출입구 및 부출입구 외부 계단 및 경사로, 지상2층 관람석 계단 미끄럼 방지 미설치 다수",http://openapi.kspo.or.kr/web/ai/,148_4878BE270B6D36F196B87055E7937B7F.jpg,jpg,196,261
149,난간의 흔들림,2025-05-19,경기도,포천시,육상경기장,포천종합운동장,경기도 포천시 군내면 호국로 1518,건물 내외부,난간,난간의 흔들림 및 손상 여부,25상-1(조치필요) 야외 스탠드 난간 표면부식,http://openapi.kspo.or.kr/web/ai/,149_4C84B95F109F0C4D1DEE8F90DC5B99ED.jpg,jpg,333,248
150,난간의 흔들림,2025-06-25,경기도,김포시,육상경기장,김포시종합운동장,경기도 김포시 돌문로15번길 20 (사우동),건물 내외부,난간,난간의 흔들림 및 손상 여부,"25상-12(조치필요) 2층 관람석 난간 녹오염, 부식",http://openapi.kspo.or.kr/web/ai/,150_F69EFBD404A292EB1A44A505473B7A95.jpg,jpg,330,248
151,난간의 흔들림,2025-06-24,충청남도,금산군,체육관,금산군 생활체육관(족구장),충청남도 금산군 금성면 진산로 47,건물 내외부,난간,난간의 흔들림 및 손상 여부,"25상-4(조치필요) 외부 계단마감파손, 난간고정불량",http://openapi.kspo.or.kr/web/ai/,151_8ABA12780AD184D441B585DCA14AA769.jpg,jpg,330,248
152,난간의 흔들림,2025-08-05,충청남도,청양군,체육관,(취약시설)(취약시설)청양군문화체육센터,충청남도 청양군 청양읍 칠갑산로 221,건물 내외부,난간,난간의 흔들림 및 손상 여부,25상-10(조치필요) 외부 계단 난간 고정 불량 및 노후화,http://openapi.kspo.or.kr/web/ai/,152_6D4977C1E6A38C619149CF474C31934A.jpg,jpg,330,248
153,난간의 흔들림,2025-08-06,충청남도,청양군,체육관,(취약시설)(취약시설)청양군민체육관,충청남도 청양군 청양읍 충절로 1204,건물 내외부,난간,난간의 흔들림 및 손상 여부,25상-12(조치필요) 외부 배면 계단 난간 파손,http://openapi.kspo.or.kr/web/ai/,153_2A2A79A96F6F18A5DDC93FB7CD303C2B.jpg,jpg,330,247
154,난간의 흔들림,2025-08-26,경상남도,남해군,야구장,남해스포츠파크인조야구장,경상남도 남해군 서면 스포츠파크길 74,건물 내외부,난간,난간의 흔들림 및 손상 여부,25상-8(조치필요)  필드 관람석 난간접합부 부식(전반적),http://openapi.kspo.or.kr/web/ai/,154_70F5463A4DB4E27A2539A44761FA4DA2.jpg,jpg,330,248
155,난간의 흔들림,2025-07-14,경기도,부천시,육상경기장,부천종합운동장,경기도 부천시 소사로 482 (춘의동),건물 내외부,난간,난간의 흔들림 및 손상 여부,24상-1(조치필요) 관람석 난간 부식상태 다수,http://openapi.kspo.or.kr/web/ai/,155_273D0CE1054042E54B3A000E355BEE17.jpg,jpg,331,248
156,난간의 흔들림,2025-09-11,전북특별자치도,무주군,축구장,면생활체육공원(안성축구장),전라북도 무주군 안성면 구량천로 82,건물 내외부,난간,난간의 흔들림 및 손상 여부,25상-5(조치필요)관람석 난간 파손,http://openapi.kspo.or.kr/web/ai/,156_DC047A63C09A95963CE9382C416C807C.jpg,jpg,325,280
157,난간의 흔들림,2025-09-08,전북특별자치도,전주시,축구장,(취약시설)전주아중체련공원축구장,전북특별자치도 전주시 덕진구 한배미6길 23 (인후동1가),건물 내외부,난간,난간의 흔들림 및 손상 여부,25하-2(조치필요) 스탠드 난간 흔들림(고정 불량),http://openapi.kspo.or.kr/web/ai/,157_AE77C3FCC2C32CD519E46E70A65E98D7.jpg,jpg,360,270
158,난간의 흔들림,2025-07-21,경상남도,창원시,체육관,창원체육관,경상남도 창원시 성산구 원이대로 450(중앙동),건물 내외부,난간,난간의 흔들림 및 손상 여부,25하-2(조치필요) 2층 15구역 관람석 난간 탈락,http://openapi.kspo.or.kr/web/ai/,158_43C2D6008F240BD2F2972AD93C22B53B.jpg,jpg,368,276
159,난간의 흔들림,2025-07-22,충청북도,제천시,체육관,제천체육관,충청북도 제천시 숭의로 85 (화산동),건물 내외부,난간,난간의 흔들림 및 손상 여부,"25상-6 (조치필요) 2층 내6문, 내7문 방향 계단실 난간 높이 미흡",http://openapi.kspo.or.kr/web/ai/,159_1C43FB616AABC29A1647D056D4C0840E.jpg,jpg,370,278
160,난간의 흔들림,2025-08-25,경기도,포천시,육상경기장,포천종합운동장,경기도 포천시 군내면 호국로 1518,건물 내외부,난간,난간의 흔들림 및 손상 여부,25상-1(조치필요) 야외 스탠드 난간 표면부식,http://openapi.kspo.or.kr/web/ai/,160_192288BA2E811700486DC994A21AA80D.jpg,jpg,367,275
161,난간의 흔들림,2025-06-17,충청남도,청양군,체육관,(취약시설)(취약시설)청양군문화체육센터,충청남도 청양군 청양읍 칠갑산로 221,건물 내외부,난간,난간의 흔들림 및 손상 여부,25상-10(조치필요) 외부 계단 난간 고정 불량 및 노후화,http://openapi.kspo.or.kr/web/ai/,161_67E47EFE8F41947CC73178776E7E0B1E.jpg,jpg,205,273
162,난간의 흔들림,2025-09-12,경기도,김포시,육상경기장,김포시종합운동장,경기도 김포시 돌문로15번길 20 (사우동),건물 내외부,난간,난간의 흔들림 및 손상 여부,"25상-12(조치필요) 2층 관람석 난간 녹오염, 부식",http://openapi.kspo.or.kr/web/ai/,162_FAD3FDAFC17906789AC0277FC0CA2676.png,png,213,130
163,난간의 흔들림,2025-08-12,전북특별자치도,군산시,육상경기장,월명종합경기장주경기장,전북특별자치도 군산시 번영로 281 (사정동),건물 내외부,난간,난간의 흔들림 및 손상 여부,(조치필요)지상 4층 4. Vip석측 계단 난간 봉 흔들림,http://openapi.kspo.or.kr/web/ai/,163_C8A856B7A7EB8119FDA1A1EA14549435.png,png,180,296
164,난간의 흔들림,2025-07-24,충청북도,제천시,하키장,청풍명월국제하키장,충청북도 제천시 청풍면 물태리103,건물 내외부,난간,난간의 흔들림 및 손상 여부,25하-2(조치필요) 관중석 스탠드 난간 높이 미달,http://openapi.kspo.or.kr/web/ai/,164_DDE765EE8C56DC9B328874F2EDEEDD71.png,png,445,271
165,난간의 흔들림,2025-08-25,인천광역시,연수구,롤러스케이트장,동춘인라인롤러경기장,인천광역시 연수구 능허대로 499 (동춘동),건물 내외부,난간,난간의 흔들림 및 손상 여부,25상-3(조치필요) 1층 일반동 복도 핸드레일 접합 불량,http://openapi.kspo.or.kr/web/ai/,165_387AC191E91144F3A48F2EDA3AC22B28.jpg,jpg,367,275
166,난간의 흔들림,2025-09-03,경상남도,진주시,축구장,모덕축구장,경상남도 진주시 모덕로47번길 24 (상대동),건물 내외부,난간,난간의 흔들림 및 손상 여부,25상-2(조치필요) 1층 진입 경사로 난간 고정 불량,http://openapi.kspo.or.kr/web/ai/,166_528D7FEEF23CA2523921DE31D17E055B.jpg,jpg,377,283
167,옥상방수마감,2025-05-29,경기도,안산시,수영장,안산올림픽실내수영장,경기도 안산시 단원구 적금로 202 (고잔동),건물 내외부,옥상 / 지붕,"옥상 방수, 마감 등 안전상태",25상-6(조치필요) 지붕층 바닥마감열화,http://openapi.kspo.or.kr/web/ai/,167_F740F6271D86500F6295177922667869.jpg,jpg,330,248
168,옥상방수마감,2025-05-22,인천광역시,남동구,체육관,인천시청소년수련관체육관,인천광역시 남동구 장수로 42 (장수동),건물 내외부,옥상 / 지붕,"옥상 방수, 마감 등 안전상태",25상-5(조치필요) 지붕층 배수구 이물질,http://openapi.kspo.or.kr/web/ai/,168_BA572D2D060BD555995774D0ABF9785C.jpg,jpg,330,248
169,옥상방수마감,2025-05-28,울산광역시,북구,체육관,오토밸리복지센터,울산광역시 북구 산업로 1020 (연암동),건물 내외부,옥상 / 지붕,"옥상 방수, 마감 등 안전상태",25상-1(조치필요) 옥상 방수마감 손상,http://openapi.kspo.or.kr/web/ai/,169_AE0902163D561497FC53C75F4E251C75.jpg,jpg,330,247
170,옥상방수마감,2025-08-05,충청남도,청양군,체육관,(취약시설)(취약시설)청양군문화체육센터,충청남도 청양군 청양읍 칠갑산로 221,건물 내외부,옥상 / 지붕,"옥상 방수, 마감 등 안전상태",25상-11(조치필요) 지붕층 바닥 구배불량 및 물고임,http://openapi.kspo.or.kr/web/ai/,170_A368C958DB9263F020B7E4F53D1EE545.jpg,jpg,331,247
171,옥상방수마감,2025-08-04,충청남도,공주시,체육관,백제체육관,충청남도 공주시 고마나루길 51-14(웅진동),건물 내외부,옥상 / 지붕,"옥상 방수, 마감 등 안전상태",24하-2(조치필요) 3층 테라스 방수도장 상태불량,http://openapi.kspo.or.kr/web/ai/,171_DCFBC90D7B904DA7B72880538F53773C.jpg,jpg,331,248
172,옥상방수마감,2025-08-28,경기도,김포시,체육관,김포시실내체육관,경기도 김포시 사우중로 26 (사우동),건물 내외부,옥상 / 지붕,"옥상 방수, 마감 등 안전상태",25상-1(조치필요) 지붕 방수마감 들뜸,http://openapi.kspo.or.kr/web/ai/,172_4DE60C261EF162D182070FE0979CBC89.jpg,jpg,331,247
173,옥상방수마감,2025-09-02,대구광역시,북구,사격장,대구국제사격장,대구광역시 북구 문주길 170 (금호동),건물 내외부,옥상 / 지붕,"옥상 방수, 마감 등 안전상태",25상-5(조치필요) 실내사격장 옥상층 방수층 열화 및 들뜸,http://openapi.kspo.or.kr/web/ai/,173_AEEC790CA6C3CD442B35F29FCD9468EA.jpg,jpg,329,235
174,옥상방수마감,2025-09-04,울산광역시,울주군,전천후게이트볼장,웅촌게이트볼장,울산광역시 울주군 웅촌면 웅촌로 378-1,건물 내외부,옥상 / 지붕,"옥상 방수, 마감 등 안전상태","25상-2(조치필요) 내부 지붕마감 누수흔적, 부식(배수구 주변 전체)",http://openapi.kspo.or.kr/web/ai/,174_6179912E801A8161CFA3FE2AFF2A8A26.jpg,jpg,331,247
175,옥상방수마감,2025-09-08,전북특별자치도,진안군,수영장,진안군국민체육센터(구: 진안 국민체육센터),전북특별자치도 진안군 진안읍 우화2길 47-9,건물 내외부,옥상 / 지붕,"옥상 방수, 마감 등 안전상태",25상-5(조치진행중) 지붕 전체적으로 부식 및 파손(하반기 보수 예정),http://openapi.kspo.or.kr/web/ai/,175_23E0209EF6E286D62FED3BF0CBEC0800.jpg,jpg,331,247
176,옥상방수마감,2025-09-24,부산광역시,서구,육상경기장,구덕종합운동장주경기장,부산광역시 서구 대신로 150 (서대신동3가),건물 내외부,옥상 / 지붕,"옥상 방수, 마감 등 안전상태",24(상)(조치필요) 지상 4층 관람석 통로 방수 마감 보수 후 재탈락,http://openapi.kspo.or.kr/web/ai/,176_83936B90CB72174C151357E863A776ED.jpg,jpg,340,280
177,옥상방수마감,2025-09-10,경기도,화성시,전천후게이트볼장,송산게이트볼장,경기도 화성시 송산면 정도길 4,건물 내외부,옥상 / 지붕,"옥상 방수, 마감 등 안전상태",25하-6 (조치필요) 지붕 빗물 배수로 홈통 부식,http://openapi.kspo.or.kr/web/ai/,177_3751B696A85E64E8C6D9234A4A56DDEF.jpg,jpg,360,270
178,옥상방수마감,2025-08-25,인천광역시,연수구,롤러스케이트장,동춘인라인롤러경기장,인천광역시 연수구 능허대로 499 (동춘동),건물 내외부,옥상 / 지붕,"옥상 방수, 마감 등 안전상태",25하-2(조치필요) 경기장 지붕막 찣어짐(누수흔적 동반),http://openapi.kspo.or.kr/web/ai/,178_CE6D135E201EC47EF27AF819DC9D3D75.jpg,jpg,395,297
179,옥상방수마감,2025-07-15,경기도,남양주시,육상경기장,남양주시종합운동장보조경기장,경기도 남양주시 다산지금로 91 (이패동),건물 내외부,옥상 / 지붕,"옥상 방수, 마감 등 안전상태",25하-3(조치필요) 본부석 맞은편 관람석 방수 파손 전반적,http://openapi.kspo.or.kr/web/ai/,179_E6416951EC33FA1B7776A75BF6FC6EC3.png,png,170,276
180,옥상방수마감,2025-07-28,전라남도,화순군,체육관,하니움문화스포츠센터실내체육관,전라남도 화순군 화순읍 학포로 2698,건물 내외부,옥상 / 지붕,"옥상 방수, 마감 등 안전상태","25하-2(조치필요) 옥상 방수층 열화, 들뜸, 파손",http://openapi.kspo.or.kr/web/ai/,180_5CF16C07292CB1E3F35F4C1902C7CB7C.jpg,jpg,360,271
181,옥상방수마감,2025-08-26,인천광역시,서구,체육관,(취약시설)인천서구국민체육센터(구: 서구국민체육센터체육관),인천광역시 서구 승학로 525 (검암동),건물 내외부,옥상 / 지붕,"옥상 방수, 마감 등 안전상태",25하-3(조치필요) 지붕 옥상 바닥 방수층 열화/들뜸/박락,http://openapi.kspo.or.kr/web/ai/,181_0B2588F0788BBB8336B0F560DD5CF4EA.jpg,jpg,211,282
182,옥상방수마감,2025-08-07,경기도,파주시,체육관,(취약시설)파주시스포츠센터,경기도 파주시 탄현면 방촌로 1213-52,건물 내외부,옥상 / 지붕,"옥상 방수, 마감 등 안전상태","25하-6(조치필요) 옥상 방수층 들뜸, 파손(하부층 누수)",http://openapi.kspo.or.kr/web/ai/,182_7195C83C574E1B569966B48D8FCA4DDB.jpg,jpg,362,272
183,옥상방수마감,2025-07-14,경상북도,상주시,체육관,상주시실내체육관(구관),경상북도 상주시 북상주로 24-7 (계산동),건물 내외부,옥상 / 지붕,"옥상 방수, 마감 등 안전상태",25하-1(조치필요)지붕층 바닥 물고임,http://openapi.kspo.or.kr/web/ai/,183_413F73F4E1AD897F98849046E601B830.jpg,jpg,377,284
184,옥상방수마감,2025-08-25,경기도,포천시,육상경기장,포천종합운동장,경기도 포천시 군내면 호국로 1518,건물 내외부,옥상 / 지붕,"옥상 방수, 마감 등 안전상태","25하-2 (조치필요) 옥상 일부구간 퇴적물, 식생, 구배불량 물고임 발생",http://openapi.kspo.or.kr/web/ai/,184_F7A45A462203E396B438DF5181400108.jpg,jpg,363,272
185,옥상방수마감,2025-08-05,충청남도,홍성군,체육관,홍주문화체육센터,충청남도 홍성군 홍성읍 홍덕서로 78,건물 내외부,옥상 / 지붕,"옥상 방수, 마감 등 안전상태",25하-6(조치필요) 지붕층 정면측 옥상 바닥 전체적으로 방수층 열화/들뜸,http://openapi.kspo.or.kr/web/ai/,185_ACF7B133062D99F76E8C5584D2106A75.jpg,jpg,202,269
186,옥상방수마감,2025-09-18,경상북도,영주시,육상경기장,영주시민운동장,경상북도 영주시 가흥로 109 (가흥동),건물 내외부,옥상 / 지붕,"옥상 방수, 마감 등 안전상태",25하-10(조치필요) 정면 좌우측 화장실 및 창고 옥상 바닥 무근콘크리트 열화 다수,http://openapi.kspo.or.kr/web/ai/,186_E154062E8D20384789EA5FDDEBEE0176.jpg,jpg,205,274
187,옥상 과하중,2025-07-21,경기도,남양주시,체육관,호평체육문화센터,경기도 남양주시 늘을2로 67 (호평동),건물 내외부,옥상 / 지붕,옥상 물탱크·물건 적치 등 과하중 상태,25상-13(조치필요) 가설건축물로 인한 과하중 상태 문화교실-4 방향 옥상층,http://openapi.kspo.or.kr/web/ai/,187_41DF90D4DBC06CCD9EAEEC6AB547B2C6.jpg,jpg,201,269
188,옥상 과하중,2025-06-18,충청남도,예산군,육상경기장,예산종합운동장 주경기장,충청남도 예산군 예산읍 예산로 354,건물 내외부,옥상 / 지붕,옥상 물탱크·물건 적치 등 과하중 상태,25상-8(조치필요) 지붕층 물탱크실 과하중 발생,http://openapi.kspo.or.kr/web/ai/,188_562927F925135A0D7F9307B55BCA2887.jpg,jpg,354,265
189,"광고간판, 조명",2025-09-11,전북특별자치도,무주군,축구장,면생활체육공원(안성축구장),전라북도 무주군 안성면 구량천로 82,건물 내외부,부착물,"광고간판, 조명, 안내 사인물, 광고탑 등의 파손 여부",25상-6(조치필요)조명탑 새집 제거 필요,http://openapi.kspo.or.kr/web/ai/,189_EEA50615AB2B942D56268075A0A121DC.jpg,jpg,338,242
190,"광고간판, 조명",2025-09-24,부산광역시,서구,육상경기장,구덕종합운동장주경기장,부산광역시 서구 대신로 150 (서대신동3가),건물 내외부,부착물,"광고간판, 조명, 안내 사인물, 광고탑 등의 파손 여부",(조치필요) 지상 4층 본부석 배선처리 피난방해,http://openapi.kspo.or.kr/web/ai/,190_0181005E93E0D3C234DDCFA43136EEDC.jpg,jpg,341,230
191,"광고간판, 조명",2025-09-18,경상남도,의령군,야구장,의령친환경야구장,양덕동477,건물 내외부,부착물,"광고간판, 조명, 안내 사인물, 광고탑 등의 파손 여부",25상-2(조치필요) 전광판 LED탈락 야구장1,http://openapi.kspo.or.kr/web/ai/,191_39FC186156C2DFAD4FF1D9E9A4964E4E.jpg,jpg,330,248
192,"광고간판, 조명",2025-07-29,광주광역시,서구,수영장,광주실내수영장,광주광역시 서구 금화로 278 (풍암동),건물 내외부,부착물,"광고간판, 조명, 안내 사인물, 광고탑 등의 파손 여부",24하-7(조치필요) 다이빙풀 관람석 3층 소화전 상부 케이블 커버 탈락,http://openapi.kspo.or.kr/web/ai/,192_A38D8CE6A46551947DB19FD593B2DCFC.jpg,jpg,340,234
193,"광고간판, 조명",2025-07-30,광주광역시,서구,기타시설,광주 올림픽기념국민생활관,광주광역시 서구 금화로 278(풍암동),건물 내외부,부착물,"광고간판, 조명, 안내 사인물, 광고탑 등의 파손 여부",(주의관찰)배면 3. 부착물 글씨 탈락,http://openapi.kspo.or.kr/web/ai/,193_B7E452026DE95074ABC8DA23C7D532DA.jpg,jpg,331,248
194,"광고간판, 조명",2025-09-01,경기도,안산시,골프연습장,안산골프연습장,안산시단원구 원곡동 629,건물 내외부,부착물,"광고간판, 조명, 안내 사인물, 광고탑 등의 파손 여부",25하-2(조치필요) 외부 간판 전도 위험(향후 시설물 점검시 간판 점검 요망),http://openapi.kspo.or.kr/web/ai/,194_0690FCACC9AF0CA74D7BF8A22B7A0689.jpg,jpg,208,278
195,"광고간판, 조명",2025-09-03,경기도,의왕시,체육관,(취약시설)의왕청소년수련관체육관,경기도 의왕시 문화공원로 33 (고천동),건물 내외부,부착물,"광고간판, 조명, 안내 사인물, 광고탑 등의 파손 여부",25하-1 (조치필요) 체육관 내부 감시카메라 보호철물 부착상태 불량,http://openapi.kspo.or.kr/web/ai/,195_6DFC9BDE8D287C15D8A125D8F64C8327.jpg,jpg,396,298
196,"광고간판, 조명",2025-07-23,서울특별시,서초구,테니스장,시민의숲테니스장,서초구 양재동 224번지외3필지,건물 내외부,부착물,"광고간판, 조명, 안내 사인물, 광고탑 등의 파손 여부",25하-1(조치필요) 실내 부착물(스피커) 부착상태 불량,http://openapi.kspo.or.kr/web/ai/,196_E06385DFCCE92C7260D385A0F70B69F4.jpg,jpg,397,298
197,"광고간판, 조명",2025-07-14,경기도,의왕시,수영장,(취약시설)의왕국민체육센터(구: 의왕시국민체육센터수영장),경기도 의왕시 복지로 27 (내손동),건물 내외부,부착물,"광고간판, 조명, 안내 사인물, 광고탑 등의 파손 여부",25하-2(조치필요) 수영장 내부 부착물(스피커) 부착부 부식발생,http://openapi.kspo.or.kr/web/ai/,197_B3C890E91DE64592D955D4DCF4E06D93.jpg,jpg,381,286
198,"광고간판, 조명",2025-07-14,경기도,의왕시,수영장,(취약시설)의왕국민체육센터(구: 의왕시국민체육센터수영장),경기도 의왕시 복지로 27 (내손동),건물 내외부,부착물,"광고간판, 조명, 안내 사인물, 광고탑 등의 파손 여부",25하-3(조치필요) 수영장 내부 부착물(CCTV) 부착상태 불량,http://openapi.kspo.or.kr/web/ai/,198_F4CA2DE3C5871B7EF16B2ED46DD3AA15.jpg,jpg,386,291
199,"광고간판, 조명",2025-07-28,경상남도,합천군,체육관,청덕체육관,경남 합천군 청덕면 두곡리 368-1,건물 내외부,부착물,"광고간판, 조명, 안내 사인물, 광고탑 등의 파손 여부",25하-2(조치필요) 1층 외부 광고간판 일부 탈락,http://openapi.kspo.or.kr/web/ai/,199_95D55303E2919693F3060CD370DFD576.jpg,jpg,397,298
200,"광고간판, 조명",2025-09-09,서울특별시,성동구,수영장,성동구민종합체육센터수영장,성수1가 685-20,건물 내외부,부착물,"광고간판, 조명, 안내 사인물, 광고탑 등의 파손 여부","25하-1 (조치필요) 수영장 내부 부착물(스피커) 고정 철물부식, 탈락우려",http://openapi.kspo.or.kr/web/ai/,200_A330EC33BF6EF5EF5DA110C8934FC52B.jpg,jpg,364,274
201,"광고간판, 조명",2025-08-21,전라남도,광양시,육상경기장,광양시공설운동장,전라남도 광양시 광양읍 매천로 695-20,건물 내외부,부착물,"광고간판, 조명, 안내 사인물, 광고탑 등의 파손 여부",25하-1(조치필요) 지상 2층 관람석 천장 스피커 브라켓 고정볼트 개소수 불량,http://openapi.kspo.or.kr/web/ai/,201_8A8154B39D638FA2FAF191DD7F42B9D1.png,png,448,271
202,"광고간판, 조명",2025-07-16,인천광역시,서구,테니스장,가좌테니스장,인천광역시 서구 가좌로11번길 7 (가좌동),건물 내외부,부착물,"광고간판, 조명, 안내 사인물, 광고탑 등의 파손 여부",25하-4(조치필요) 실내테니스장 내부 스피커 고정상태 불량,http://openapi.kspo.or.kr/web/ai/,202_A8495E0B6F2705FE89EF1DFF4A0F245E.jpg,jpg,364,272
203,"광고간판, 조명",2025-08-21,전라남도,광양시,체육관,광양시실내체육관,전라남도 광양시 광양읍 매천로 695-20,건물 내외부,부착물,"광고간판, 조명, 안내 사인물, 광고탑 등의 파손 여부",25하-2(조치필요) 지상 2층 환기설비 덮개 전반적으로 고정 미흡,http://openapi.kspo.or.kr/web/ai/,203_458EDE098F7628FCFA2C73577DF94277.png,png,458,268
204,승강기,2025-05-14,서울특별시,은평구,체육관,은평구민체육센터,서울특별시 은평구 진관1로 40 (진관동),건물 내외부,승강기 등,"정기검사, 안전검사 여부 및 안전검사필증 부착 여부 (엘리베이터, 에스컬레이터, 기계식  주차시설 등)",25상-2(조치필요) 승강기안전검사필증 유효기간 만료,http://openapi.kspo.or.kr/web/ai/,204_549CD55EEC8DA012B1D53BDE0C183982.jpg,jpg,215,287
205,승강기,2025-05-27,전라남도,장흥군,체육관,장흥실내체육관,전라남도 장흥군 장흥읍 읍성로 5-28,건물 내외부,승강기 등,"정기검사, 안전검사 여부 및 안전검사필증 부착 여부 (엘리베이터, 에스컬레이터, 기계식  주차시설 등)",25상-5(조치필요) 승강기 안전검사 유효기간 만료,http://openapi.kspo.or.kr/web/ai/,205_90D48E1332D69EDB1F8ED39865330F81.jpg,jpg,214,286
206,승강기,2025-05-27,경상남도,합천군,체육관,합천체육관,경상남도 합천군 합천읍 장수로 1,건물 내외부,승강기 등,"정기검사, 안전검사 여부 및 안전검사필증 부착 여부 (엘리베이터, 에스컬레이터, 기계식  주차시설 등)",25상-12(조치필요) 승강기 안전섬사필증 유효기간 만료,http://openapi.kspo.or.kr/web/ai/,206_488E8A92208B695AF46ADE44D921AD50.jpg,jpg,208,278
207,승강기,2025-07-14,경기도,부천시,체육관,부천체육관,경기도 부천시 석천로 293 (중동),건물 내외부,승강기 등,"정기검사, 안전검사 여부 및 안전검사필증 부착 여부 (엘리베이터, 에스컬레이터, 기계식  주차시설 등)",25하-1(조치필요) 지하 1층 장애인 엘리베이터 안전검사필증 미교체,http://openapi.kspo.or.kr/web/ai/,207_323F6F8C0D12AB7B2DFD867C2DB2AE15.jpg,jpg,200,266
208,승강기,2025-07-16,서울특별시,관악구,체육관,신림체육센터,서울특별시 관악구 난곡로58길 13 (신림동),건물 내외부,승강기 등,"정기검사, 안전검사 여부 및 안전검사필증 부착 여부 (엘리베이터, 에스컬레이터, 기계식  주차시설 등)",25하-2(조치필요) 1층 엘리베이터 안전검사필증 미교체,http://openapi.kspo.or.kr/web/ai/,208_6B80D78671BED84747CCCDF41CC61D06.jpg,jpg,219,293
209,승강기,2025-09-11,서울특별시,관악구,수영장,관악청소년센터수영장,서울특별시 관악구 신림로23길 17 (신림동),건물 내외부,승강기 등,"정기검사, 안전검사 여부 및 안전검사필증 부착 여부 (엘리베이터, 에스컬레이터, 기계식  주차시설 등)",25하-2 (조치필요) 장애인용 리프드승강기 검사기간 초과,http://openapi.kspo.or.kr/web/ai/,209_29E227A9259E36833ECBB1624ED0BB7E.jpg,jpg,364,273
210,안전시설(방지망),2025-09-08,전북특별자치도,진안군,수영장,진안군국민체육센터(구: 진안 국민체육센터),전북특별자치도 진안군 진안읍 우화2길 47-9,건물주변,절개지 / 낙석 위험지역,안전시설(방지망 등) 설치 여부,25상-6(조치필요) 좌측면 외부 절개지 안전시설 미설치,http://openapi.kspo.or.kr/web/ai/,210_F560DB50AE1196924EAA203B74F8F3CD.jpg,jpg,324,249
211,안전시설(방지망),2025-09-02,대구광역시,북구,사격장,대구국제사격장,대구광역시 북구 문주길 170 (금호동),건물주변,절개지 / 낙석 위험지역,안전시설(방지망 등) 설치 여부,25상-6(조치필요) 클레이사격장 옆 절개지 낙석위험 안전시설 미설치,http://openapi.kspo.or.kr/web/ai/,211_7F5D4CC2FC9467B6E760A6BC0A60A077.jpg,jpg,329,232
212,안전시설(방지망),2025-07-30,전라남도,장흥군,체육관,장흥실내체육관,전라남도 장흥군 장흥읍 읍성로 5-28,건물주변,절개지 / 낙석 위험지역,안전시설(방지망 등) 설치 여부,25상-6(조치필요) 냑석 위험지역 방지망 설치 미흡 건물 후측,http://openapi.kspo.or.kr/web/ai/,212_4D847DD94C7613352CFB58A2622B0531.jpg,jpg,330,248
213,안전시설(방지망),2025-05-27,전라남도,장흥군,체육관,장흥실내체육관,전라남도 장흥군 장흥읍 읍성로 5-28,건물주변,절개지 / 낙석 위험지역,안전시설(방지망 등) 설치 여부,25상-6(조치필요) 냑석 위험지역 방지망 설치 미흡 건물 후측,http://openapi.kspo.or.kr/web/ai/,213_9D831A3BACAC8C78E824DC94110167D0.jpg,jpg,211,282
214,안전시설(방지망),2025-06-24,전북특별자치도,진안군,수영장,진안군국민체육센터(구: 진안 국민체육센터),전북특별자치도 진안군 진안읍 우화2길 47-9,건물주변,절개지 / 낙석 위험지역,안전시설(방지망 등) 설치 여부,25상-7(조치필요) 좌측면 외부 절개지 안전시설 미설치,http://openapi.kspo.or.kr/web/ai/,214_FC54AECC0372F8AAC746BD71D6E30662.jpg,jpg,213,284
215,안전시설(방지망),2025-05-20,대구광역시,북구,사격장,대구국제사격장,대구광역시 북구 문주길 170 (금호동),건물주변,절개지 / 낙석 위험지역,안전시설(방지망 등) 설치 여부,25상-6(조치필요) 클레이사격장 옆 절개지 낙석위험 안전시설 미설치,http://openapi.kspo.or.kr/web/ai/,215_57CD734C227FBD203376555FD8FB7DD9.jpg,jpg,207,276
216,안전시설(방지망),2025-09-16,서울특별시,성북구,체육관,성북구민체육관,서울특별시 성북구 화랑로13길 144 (하월곡동),건물주변,절개지 / 낙석 위험지역,안전시설(방지망 등) 설치 여부,25하-5(조치필요) 낙석 위험 지역 낙석 방지망 미설치(토지 소유자와 협의필요),http://openapi.kspo.or.kr/web/ai/,216_30047AA08CFF62933CC489CB0482467A.jpg,jpg,209,278
217,옹벽의균열,2025-06-25,경기도,김포시,육상경기장,김포시종합운동장,경기도 김포시 돌문로15번길 20 (사우동),건물주변,옹벽 / 노후축대,"옹벽의 균열 또는 파손, 배부름 현상",25상-2(조치필요) 외부 옹벽 균열(전반적),http://openapi.kspo.or.kr/web/ai/,217_85FD8DA13F362A0883742940F12E6812.jpg,jpg,331,248
218,옹벽의균열,2025-05-22,인천광역시,남동구,체육관,인천시청소년수련관체육관,인천광역시 남동구 장수로 42 (장수동),건물주변,옹벽 / 노후축대,"옹벽의 균열 또는 파손, 배부름 현상",25상-1(조치필요) 옥외 옹벽 균열(균열게이지부착),http://openapi.kspo.or.kr/web/ai/,218_CC4FCA19165F037901C179F20B694C13.jpg,jpg,330,248
219,옹벽의균열,2025-07-30,광주광역시,서구,기타시설,광주 올림픽기념국민생활관,광주광역시 서구 금화로 278(풍암동),건물주변,옹벽 / 노후축대,"옹벽의 균열 또는 파손, 배부름 현상",(주의관찰)지상 1층 2. 옹벽 경사균열,http://openapi.kspo.or.kr/web/ai/,219_64BDA211495124DF31F841A02DC8D24F.jpg,jpg,330,241
220,옹벽의균열,2025-06-25,충청북도,단양군,체육관,단양다목적체육관,충청북도 단양군 단양읍 별곡3로 19,건물주변,옹벽 / 노후축대,"옹벽의 균열 또는 파손, 배부름 현상",25상-4(조치필요) 옹벽 균열 및 파손,http://openapi.kspo.or.kr/web/ai/,220_69E94082516B55B35EB2624CECDFF206.jpg,jpg,213,285
221,옹벽의균열,2025-06-17,충청남도,홍성군,전천후게이트볼장,홍성전천후게이트볼장,충청남도 홍성군 홍성읍 홍덕서로 78,건물주변,옹벽 / 노후축대,"옹벽의 균열 또는 파손, 배부름 현상","25상-1 (조치필요) 옹벽 균열, 누수 및 백태 다수발생",http://openapi.kspo.or.kr/web/ai/,221_31309BDDC185DB50E41DB03F1778DCF6.jpg,jpg,359,270
222,옹벽의균열,2025-05-29,경기도,안산시,수영장,안산올림픽실내수영장,경기도 안산시 단원구 적금로 202 (고잔동),건물주변,옹벽 / 노후축대,"옹벽의 균열 또는 파손, 배부름 현상",25상-11(조치필요) 외부 옹벽 균열(현재 공사중으로 조사불가),http://openapi.kspo.or.kr/web/ai/,222_7DB256DB5FD55A7AAC05B111253DC06F.jpg,jpg,204,273
223,옹벽의균열,2025-06-12,경상남도,거제시,육상경기장,아주운동장,경상남도 거제시 아주로3길 55-1 (아주동),건물주변,옹벽 / 노후축대,"옹벽의 균열 또는 파손, 배부름 현상",25상-7(조치필요) 옹벽 균열,http://openapi.kspo.or.kr/web/ai/,223_89889ED4962E283BA4B6CBAC386BA560.png,png,433,264
224,옹벽의균열,2025-08-11,인천광역시,중구,수영장,도원수영장,인천광역시 중구 샛골로41번길 22 (도원동),건물주변,옹벽 / 노후축대,"옹벽의 균열 또는 파손, 배부름 현상",25하-15(조치필요) 건물 뒷편 주차장 옹벽 균열 다수,http://openapi.kspo.or.kr/web/ai/,224_5431DC5173277893C64C5EB66559B965.jpg,jpg,215,286
225,옹벽의균열,2025-09-24,경상남도,의령군,축구장,의령공설운동장,경상남도 의령군 의령읍 구룡로 245-4,건물주변,옹벽 / 노후축대,"옹벽의 균열 또는 파손, 배부름 현상","25하-1 (조치필요) 진입로 옹벽 균열, 도장박락, 열화 다수발생",http://openapi.kspo.or.kr/web/ai/,225_4D5EB4D1A68F3C82DCDE42F494634060.jpg,jpg,380,285
226,옹벽의균열,2025-09-18,경상북도,영주시,육상경기장,영주시민운동장,경상북도 영주시 가흥로 109 (가흥동),건물주변,옹벽 / 노후축대,"옹벽의 균열 또는 파손, 배부름 현상",25하-11(조치필요) 운동장 외부 조경방향 옹벽 균열 및 파손 다수,http://openapi.kspo.or.kr/web/ai/,226_974DD690F01D9586C69BA429D3C30B37.jpg,jpg,198,264
227,보수보강,2025-07-22,충청북도,제천시,육상경기장,제천종합운동장,충청북도 제천시 숭의로 101 (화산동),건물주변,옹벽 / 노후축대,"보수, 보강 등의 조치 상태 등",25상-5 (조치필요) 외부 출입문(1~10문) 상부 벽체 전도 위험,http://openapi.kspo.or.kr/web/ai/,227_8CABDD8C8521A2160F36697A02FB50A0.png,png,167,279
228,경사면,2025-07-28,경상남도,합천군,체육관,청덕체육관,경남 합천군 청덕면 두곡리 368-1,건물주변,비탈면,경사면 균열 또는 파손 및 수목의 기울어짐,25하-3(조치필요) 비탈면 토사유실 발생,http://openapi.kspo.or.kr/web/ai/,228_48846698EEE925C27A536860FB6CD6B3.jpg,jpg,370,278
229,부대시설,2025-05-19,전북특별자치도,임실군,체육관,임실군군민회관체육관,전라북도 임실군 임실읍 호국로 1703,건물주변,부대시설,"정문, 무대 시설, 파고라, 벤치, 담장 등 시설 결함 상태",24하-1(조치필요)외부 화단 조적벽체 갈라짐,http://openapi.kspo.or.kr/web/ai/,229_1AC47A5E12CC49A97EF911EB3C85B4C1.jpg,jpg,138,108
230,부대시설,2025-06-25,경기도,김포시,육상경기장,김포시종합운동장,경기도 김포시 돌문로15번길 20 (사우동),건물주변,부대시설,"정문, 무대 시설, 파고라, 벤치, 담장 등 시설 결함 상태",25상-9(조치필요) 2층 관람석 의자파손,http://openapi.kspo.or.kr/web/ai/,230_0100AE3A99FB603CA945D8EC11404BFB.jpg,jpg,330,248
231,부대시설,2025-05-29,경기도,안산시,수영장,안산올림픽실내수영장,경기도 안산시 단원구 적금로 202 (고잔동),건물주변,부대시설,"정문, 무대 시설, 파고라, 벤치, 담장 등 시설 결함 상태",25상-10(조치필요) 외부 환기구 덮개 안전휀스 파손,http://openapi.kspo.or.kr/web/ai/,231_358951EC83B17A63A3A1DFAE334A9F38.jpg,jpg,331,248
232,부대시설,2025-08-05,충청남도,청양군,체육관,(취약시설)(취약시설)청양군문화체육센터,충청남도 청양군 청양읍 칠갑산로 221,건물주변,부대시설,"정문, 무대 시설, 파고라, 벤치, 담장 등 시설 결함 상태",25상-12(조치필요) 외부 담장 균열 및 파손 다수 발생,http://openapi.kspo.or.kr/web/ai/,232_DB62B8B379F443B45B960593D446D237.jpg,jpg,331,248
233,부대시설,2025-08-26,경상남도,남해군,야구장,남해스포츠파크인조야구장,경상남도 남해군 서면 스포츠파크길 74,건물주변,부대시설,"정문, 무대 시설, 파고라, 벤치, 담장 등 시설 결함 상태",25상-9(조치필요)  필드 난간 팬스 파손,http://openapi.kspo.or.kr/web/ai/,233_94C456DA2033A09F4E538A8D02412E9C.jpg,jpg,331,248
234,부대시설,2025-09-16,경상남도,함안군,체육관,군북3ㆍ1기념체육관,경상남도 함안군 군북면 함마대로 875,건물주변,부대시설,"정문, 무대 시설, 파고라, 벤치, 담장 등 시설 결함 상태",25상-1 (조치필요) 우수드레인 배수 맨홀 미설치,http://openapi.kspo.or.kr/web/ai/,234_1E0A4EA5D31A698097AA66564191FD75.jpg,jpg,330,247
235,부대시설,2025-09-15,대전광역시,중구,야구장,한밭야구장,대전광역시 중구 대종로 373 (부사동),건물주변,부대시설,"정문, 무대 시설, 파고라, 벤치, 담장 등 시설 결함 상태",24(상)(조치필요)1루측 관중석 조명탑 방호울 미설치,http://openapi.kspo.or.kr/web/ai/,235_921A64D21119A3D408A6EDE278A9E29B.jpg,jpg,330,261
236,부대시설,2025-08-04,강원특별자치도,춘천시,하키장,춘천 하키장,삼천동 83-2,건물주변,부대시설,"정문, 무대 시설, 파고라, 벤치, 담장 등 시설 결함 상태","25하-2(조치필요) 관람석 바닥 도장들뜸, 열화발생",http://openapi.kspo.or.kr/web/ai/,236_A0D105036AAC969F9787A2B7B903076D.jpg,jpg,367,275
237,부대시설,2025-08-07,경기도,파주시,체육관,(취약시설)파주시스포츠센터,경기도 파주시 탄현면 방촌로 1213-52,건물주변,부대시설,"정문, 무대 시설, 파고라, 벤치, 담장 등 시설 결함 상태",25하-1(조치필요) 외부 환기구 상부 접근제한 울타리 미설치,http://openapi.kspo.or.kr/web/ai/,237_5C9B46D36D222CF260560BD0AE419F7C.jpg,jpg,370,278
238,부대시설,2025-07-15,경기도,의왕시,체육관,(취약시설)부곡다목적실내체육관,경기도 의왕시 부곡공원길 6 (월암동),건물주변,부대시설,"정문, 무대 시설, 파고라, 벤치, 담장 등 시설 결함 상태",25하-1(조치필요) 우측 배수로 주변 바닥파손 발생,http://openapi.kspo.or.kr/web/ai/,238_224FFBA5104A9D2C909B5D4405828864.jpg,jpg,357,268
239,부대시설,2025-07-15,경기도,의왕시,체육관,(취약시설)부곡다목적실내체육관,경기도 의왕시 부곡공원길 6 (월암동),건물주변,부대시설,"정문, 무대 시설, 파고라, 벤치, 담장 등 시설 결함 상태",25하-2(조치필요) 우측 비탈면 배수로 파손발생,http://openapi.kspo.or.kr/web/ai/,239_E94A329B840F5380EEEB89686713CFF8.jpg,jpg,368,276
240,부대시설,2025-08-07,경기도,파주시,수영장,(취약시설)파주시스포츠센터 수영장,경기도 파주시 탄현면 방촌로 1213-52,건물주변,부대시설,"정문, 무대 시설, 파고라, 벤치, 담장 등 시설 결함 상태",25하-1(조치필요) 외부 환기구 상부 접근제한 울타리 미설치,http://openapi.kspo.or.kr/web/ai/,240_D6931C42F102C417546F3D49ECD3F2B3.jpg,jpg,387,290
241,부대시설,2025-09-10,경기도,화성시,전천후게이트볼장,송산게이트볼장,경기도 화성시 송산면 정도길 4,건물주변,부대시설,"정문, 무대 시설, 파고라, 벤치, 담장 등 시설 결함 상태","25하-4 (조치필요) 부대시설(벤치) 노후, 파손",http://openapi.kspo.or.kr/web/ai/,241_4F43FB26937C2C833F854CC71603CF9A.jpg,jpg,380,284
242,부대시설,2025-09-10,경기도,화성시,전천후게이트볼장,송산게이트볼장,경기도 화성시 송산면 정도길 4,건물주변,부대시설,"정문, 무대 시설, 파고라, 벤치, 담장 등 시설 결함 상태","25하-5 (조치필요) 게이트볼장 주변 공사폐기물, 쓰레기 등 적치",http://openapi.kspo.or.kr/web/ai/,242_F16667A7491A8F969EA09DAF2A0FF18A.jpg,jpg,370,277
243,부대시설,2025-09-12,경기도,김포시,육상경기장,김포시종합운동장,경기도 김포시 돌문로15번길 20 (사우동),건물주변,부대시설,"정문, 무대 시설, 파고라, 벤치, 담장 등 시설 결함 상태",25상-9(조치필요) 2층 관람석 의자파손,http://openapi.kspo.or.kr/web/ai/,243_6ECBE09E7614A0D2EF86BB2119964CA5.png,png,429,262
244,부대시설,2025-09-18,경기도,파주시,체육관,(취약시설)금촌배드민턴장,금촌동378,건물주변,부대시설,"정문, 무대 시설, 파고라, 벤치, 담장 등 시설 결함 상태",25하-2 (조치필요) 외부 빗물 선홈통 변형,http://openapi.kspo.or.kr/web/ai/,244_0828A76CA2B136AB352A20EBBA6127F1.jpg,jpg,364,272
245,부대시설,2025-09-18,경기도,파주시,체육관,(취약시설)금촌배드민턴장,금촌동378,건물주변,부대시설,"정문, 무대 시설, 파고라, 벤치, 담장 등 시설 결함 상태",25하-3 (조치필요) 외부 진입로 바닥 파손,http://openapi.kspo.or.kr/web/ai/,245_BA22111A55A9057F33A9916504D54024.jpg,jpg,363,273
246,통행로,2025-05-19,경기도,포천시,육상경기장,포천종합운동장,경기도 포천시 군내면 호국로 1518,건물주변,통행로,"통행로(보행로, 차도) 시설 위험물 및 안전상태",25상-4(조치필요) 야외 바닥마감 아스콘 균열(4면),http://openapi.kspo.or.kr/web/ai/,246_0F5E49F248B8A208818B07E50D2D8471.jpg,jpg,330,247
247,통행로,2025-06-25,경기도,김포시,육상경기장,김포시종합운동장,경기도 김포시 돌문로15번길 20 (사우동),건물주변,통행로,"통행로(보행로, 차도) 시설 위험물 및 안전상태",25상-1(조치필요) 외부 아스콘 망상균열(전반적),http://openapi.kspo.or.kr/web/ai/,247_A654C0C9D9528627133A2D6C45CC401B.jpg,jpg,330,248
248,통행로,2025-06-09,경상남도,사천시,체육관,삼천포체육관,경상남도 사천시 주공로 32-1 (용강동),건물주변,통행로,"통행로(보행로, 차도) 시설 위험물 및 안전상태",25상-11(조치필요) 야외 아스콘균열,http://openapi.kspo.or.kr/web/ai/,248_AFA61D83E6734DF54C1D9C412D396402.jpg,jpg,330,248
249,통행로,2025-08-05,충청남도,청양군,체육관,(취약시설)(취약시설)청양군문화체육센터,충청남도 청양군 청양읍 칠갑산로 221,건물주변,통행로,"통행로(보행로, 차도) 시설 위험물 및 안전상태",25상-13(조치필요) 정문 앞 통행로 바닥 균열,http://openapi.kspo.or.kr/web/ai/,249_E3CAEDFDDC4E57A5488800CBD63CB17E.jpg,jpg,330,248
250,통행로,2025-08-06,충청남도,청양군,체육관,(취약시설)(취약시설)청양군민체육관,충청남도 청양군 청양읍 충절로 1204,건물주변,통행로,"통행로(보행로, 차도) 시설 위험물 및 안전상태",25상-13(조치필요) 외부 좌측면 통행로 바닥 균열 다수 발생,http://openapi.kspo.or.kr/web/ai/,250_5CE2B1D184F36F98E0C283A8CA96456A.jpg,jpg,333,248
251,통행로,2025-09-04,울산광역시,울주군,전천후게이트볼장,웅촌게이트볼장,울산광역시 울주군 웅촌면 웅촌로 378-1,건물주변,통행로,"통행로(보행로, 차도) 시설 위험물 및 안전상태",25하-1(조치필요) 외부 통행로 식생 및 토사유실,http://openapi.kspo.or.kr/web/ai/,251_5502B9B945FCB8E7199EDDD226AFCF60.jpg,jpg,330,248
252,통행로,2025-09-11,전라남도,완도군,전천후게이트볼장,신지전천후게이트볼장,전라남도 완도군 신지면 신지로 567,건물주변,통행로,"통행로(보행로, 차도) 시설 위험물 및 안전상태",25상-7 (조치필요) 외부 통행로(인도) 보도블럭 파손,http://openapi.kspo.or.kr/web/ai/,252_7AE8D79E4E9633CEB0C9CCE585F492F2.jpg,jpg,330,248
253,통행로,2025-09-09,전북특별자치도,장수군,테니스장,천천면 전천후 테니스장,전라북도 장수군 천천면 고금길 3,건물주변,통행로,"통행로(보행로, 차도) 시설 위험물 및 안전상태",25상-4(조치필요) 외부 통행로 보도블럭 국부적 침하,http://openapi.kspo.or.kr/web/ai/,253_325E47445695AF6D2661C4772B8E8450.jpg,jpg,329,253
254,통행로,2025-09-16,경상남도,함안군,체육관,군북3ㆍ1기념체육관,경상남도 함안군 군북면 함마대로 875,건물주변,통행로,"통행로(보행로, 차도) 시설 위험물 및 안전상태",25상-2 (조치필요) 우수 맨홀 위치불량으로 바닥 마감재(블럭) 침하발생,http://openapi.kspo.or.kr/web/ai/,254_C80B95E39E86AE702FFA7BCCFA1EE7DE.jpg,jpg,330,247
255,통행로,2025-08-26,경기도,김포시,체육관,김포시농어민문화체육센터,경기도 김포시 통진읍 율마로384번길 17,건물주변,통행로,"통행로(보행로, 차도) 시설 위험물 및 안전상태",25상-4(조치필요) 아스팔트 균열 지상1층 차도 다수,http://openapi.kspo.or.kr/web/ai/,255_CDB8D7B02FC122EB91BE5909D4585632.jpg,jpg,330,240
256,통행로,2025-07-16,서울특별시,관악구,체육관,신림체육센터,서울특별시 관악구 난곡로58길 13 (신림동),건물주변,통행로,"통행로(보행로, 차도) 시설 위험물 및 안전상태",25하-6(조치필요) 1층 외부 통행로(차도) 바닥 균열 및 파손,http://openapi.kspo.or.kr/web/ai/,256_A64EF14A194C8472DBE2DF4AD11D1102.jpg,jpg,217,290
257,통행로,2025-08-27,충청북도,진천군,전천후게이트볼장,광혜원게이트볼장,충청북도 진천군 광혜원면 광혜원산단2길 135,건물주변,통행로,"통행로(보행로, 차도) 시설 위험물 및 안전상태",25하-1(조치필요) 외부 좌측면 배수로 파손,http://openapi.kspo.or.kr/web/ai/,257_F32C6A21E16778499736CB4D76B1015F.png,png,447,272
258,통행로,2025-09-04,경상남도,사천시,육상경기장,삼천포종합운동장,경상남도 사천시 주공로 32 (벌리동),건물주변,통행로,"통행로(보행로, 차도) 시설 위험물 및 안전상태",25상-2(조치필요) 1층 주출입구 바닥 아스콘 균열 다수 발생,http://openapi.kspo.or.kr/web/ai/,258_8AE9929E0650C265A131A8A4FEB05BAD.jpg,jpg,390,292
259,통행로,2025-09-12,서울특별시,서초구,체육관,언남문화체육센터,서울특별시 서초구 동산로13길 35 (양재동),건물주변,통행로,"통행로(보행로, 차도) 시설 위험물 및 안전상태",25하-3(조치필요) 지상1층 정문 출입구 근처 보도 블럭 침하,http://openapi.kspo.or.kr/web/ai/,259_D97BD1AB2935E181C95239FADE4FC2A2.jpg,jpg,218,291
260,통행로,2025-07-17,경기도,구리시,체육관,구리시체육관,교문동 3-2번지 일원,건물주변,통행로,"통행로(보행로, 차도) 시설 위험물 및 안전상태",25하-6(조치필요) 건물 주변 보행로 균열 다수,http://openapi.kspo.or.kr/web/ai/,260_559A68DE9DA4E34CB6B0705C52014F6B.jpg,jpg,209,279
261,통행로,2025-07-30,광주광역시,서구,육상경기장,광주월드컵경기장주경기장,광주광역시 서구 금화로 240 (풍암동),건물주변,통행로,"통행로(보행로, 차도) 시설 위험물 및 안전상태",25하-1(조치필요) NG4 출입구측 계단파손,http://openapi.kspo.or.kr/web/ai/,261_86218C4C5597491229D19B5003EAAF5C.jpg,jpg,373,280
262,통행로,2025-09-11,전라남도,완도군,전천후게이트볼장,신지전천후게이트볼장,전라남도 완도군 신지면 신지로 567,건물주변,통행로,"통행로(보행로, 차도) 시설 위험물 및 안전상태",25상-7 (조치필요) 외부 통행로(인도) 보도블럭 파손,http://openapi.kspo.or.kr/web/ai/,262_DAF54C0C0BF15E57D45BC4FEC22BC749.jpg,jpg,373,279
263,통행로,2025-09-11,전라남도,완도군,전천후게이트볼장,신지전천후게이트볼장,전라남도 완도군 신지면 신지로 567,건물주변,통행로,"통행로(보행로, 차도) 시설 위험물 및 안전상태",25상-8 (조치필요) 외부 통행로(인도) 보도블럭 파손,http://openapi.kspo.or.kr/web/ai/,263_C85EA90E1BA8BD5443DB381DBD2D7EB6.jpg,jpg,371,278
264,통행로,2025-08-07,경상남도,거제시,육상경기장,아주운동장,경상남도 거제시 아주로3길 55-1 (아주동),건물주변,통행로,"통행로(보행로, 차도) 시설 위험물 및 안전상태",25하-2(조치필요) 본부석 외부 출입구 방향 보도 블록 침하,http://openapi.kspo.or.kr/web/ai/,264_531800E55B5A96C93C0950E16B1DB4D4.png,png,471,281
265,통행로,2025-07-23,경기도,남양주시,축구장,오남체육공원축구장,경기도 남양주시 오남읍 양지로 156-19,건물주변,통행로,"통행로(보행로, 차도) 시설 위험물 및 안전상태",25하-3(조치필요) 축구장 주변 보행로 아스팔트 균열 다수,http://openapi.kspo.or.kr/web/ai/,265_8D4A16B095F1EF95FFB564F72D2BF0B6.jpg,jpg,221,295
